video_id,clase,Desplazamiento_mean,Desplazamiento_max,Desplazamiento_min,Desplazamiento_std,Desplazamiento_median,Velocidad_mean,Velocidad_max,Velocidad_min,Velocidad_std,Velocidad_median,Aceleracion_mean,Aceleracion_max,Aceleracion_min,Aceleracion_std,Aceleracion_median,Direccion_mean,Direccion_max,Direccion_min,Direccion_std,Direccion_median,Densidad_mean,Densidad_max,Densidad_min,Densidad_std,Densidad_median,Linealidad_mean,Linealidad_max,Linealidad_min,Linealidad_std,Linealidad_median,Circularidad_mean,Circularidad_max,Circularidad_min,Circularidad_std,Circularidad_median,Zigzag_mean,Zigzag_max,Zigzag_min,Zigzag_std,Zigzag_median,Frecuencia_Ciclo_mean,Frecuencia_Ciclo_max,Frecuencia_Ciclo_min,Frecuencia_Ciclo_std,Frecuencia_Ciclo_median,Amplitud_Ciclo_mean,Amplitud_Ciclo_max,Amplitud_Ciclo_min,Amplitud_Ciclo_std,Amplitud_Ciclo_median,Area_Trayectoria_mean,Area_Trayectoria_max,Area_Trayectoria_min,Area_Trayectoria_std,Area_Trayectoria_median,duracion_video,frames_unicos,objetos_unicos,porcentaje_interaccion,total_interacciones,porcentaje_ciclico,total_ciclico,postura_Neutral_freq,postura_Vertical_freq,postura_Horizontal_freq,patron_Zigzag_freq,patron_Mixto_freq,patron_Indeterminado_freq,patron_Lineal_freq,patron_Circular_freq,rango_x,rango_y,centro_x,centro_y,variabilidad_x,variabilidad_y,cambios_velocidad_mean,cambios_velocidad_max,velocidad_cero_freq,cambios_direccion_mean,cambios_direccion_max
normal_10_procesado,normal,45.21321132780783,446.8131600568631,0.0,76.90323598654831,2.23606797749979,1130.3302831951958,11170.329001421578,0.0,1922.5808996637077,55.90169943749474,183.31198774035897,267807.199251103,-245961.9815106676,41626.48067402882,0.0,6.855662824821293,180.0,-178.36342295838327,87.18077316856888,0.0,0.0037091410018874347,0.0111165198599084,0.0008823582970653,0.0019134018407975938,0.0035554450453238,0.038831895250527305,0.999999000001,0.0,0.14068463064872497,0.0031720889211912,0.26625025843813477,0.7807391307036818,-1.5048084966677395,0.47467595628781434,0.466565761484582,0.5734059168631962,0.8,0.0,0.13991546387463175,0.6531668063255539,0.3570354985117727,0.5,0.0,0.22033884313302046,0.5,35.507559909401124,68.06612798451759,0.0,25.38185253035737,51.47542109179779,19749.850908025775,33503.5,0.0,14839.895514694477,30242.0,1707,1128,63,0.03456356180433509,59,0.7615700058582309,1300,0.5916813122437024,0.37199765670767426,0.03632103104862332,0.7428236672524897,0.19273579379027533,0.042765084944346804,0.011716461628588167,0.00995899238429994,436,262,407.9361452841242,186.0398359695372,66.19614553260602,71.12925708905635,728.8549954426634,11170.329001421578,0.22202694786174576,105.1028648536514,353.7965520983082
normal_12_procesado,normal,29.27080506839908,316.796464626738,0.0,69.95688794415796,1.4142135623730951,731.7701267099771,7919.911615668449,0.0,1748.9221986039488,35.35533905932738,12.627802008375177,181961.6660657344,-196600.24790577384,38242.79530979979,0.0,11.22249088520714,180.0,-176.82016988013575,97.63361196001364,0.0,0.002347621977790671,0.0085571211220985,0.0003671833956954,0.001410356719982262,0.0016199762345722,0.027558087050362196,0.1231120341949963,0.0,0.024751624447414116,0.0242203237226429,-0.007539967493912639,0.6892440968342401,-0.5495389395054271,0.5829741905517132,-0.5495389395054271,0.5121181048345553,0.5814065445047194,0.0,0.07261770723848106,0.5026964161246334,0.42758832565284177,0.5,0.0,0.15272514510616747,0.5,48.156072250517596,92.09967137537691,0.0,31.10896305262779,23.47789760383773,40654.18279569892,89112.5,0.0,31555.57702676099,19943.0,930,748,12,0.03118279569892473,29,0.9903225806451613,921,0.27419354838709675,0.6483870967741936,0.07741935483870968,0.9311827956989247,0.05913978494623656,0.00967741935483871,0.0,0.0,500,313,273.4150537634409,215.74516129032259,72.22563459034285,71.87567458924919,518.0323013659461,7864.009916230953,0.17419354838709677,105.94194081759278,355.6012946450045
normal_13_procesado,normal,171.36568051322178,512.3992583913447,0.0,108.49920324199081,149.12075643584967,4284.142012830544,12809.981459783618,0.0,2712.4800810497704,3728.018910896242,0.33465071475213076,297809.7127361698,-289449.7289256519,86949.0976756221,0.0,-30.906837712747723,180.0,-179.83905722242162,107.52199852281139,0.0,0.014322915255210494,0.0267343667793881,0.0083108336393107,0.0024477897768091926,0.01392031560333,0.0027829074695699435,0.999999987083596,0.0,0.035486206440052286,1.2794765353376292e-05,0.42786843627832727,1.0,-0.7216855106049009,0.08379583429366491,0.4343238061420527,0.6664221597087541,0.7088847264491028,0.0,0.02235463608943372,0.668163568317189,0.0007497463481748063,0.5,0.0,0.016257485158386396,0.0,0.013801286375499659,7.210217755076081,0.0,0.2440444990823165,0.0,92335.17117112121,93259.5,0.0,9231.755924647558,93259.5,90170,9994,36,0.00043251635799046245,39,0.008328712432072751,751,0.3310857269601863,0.06947987135410891,0.5994344016857048,0.9985028279915715,0.0,0.0006099589663968061,0.0006986802705999778,0.00018853277143174004,520,249,334.5576910280581,113.49126095153599,127.99517539167866,58.862012381582154,2692.7376039165506,11912.388509446791,0.017289564156593103,147.72091609083188,359.33380002981687
normal_14_procesado,normal,102.3160458430258,418.3897704294406,0.0,76.47215822960709,98.8382517044894,2557.9011460756446,10459.744260736015,0.0,1911.8039557401773,2470.956292612235,9.526619651145111,224614.49873213243,-261493.6065184004,55816.11882410667,0.0,18.291204921628406,180.0,-179.51853419416165,106.00369073878743,0.0,0.007586561130627398,0.0147670876050484,0.0033439233814404,0.0017053929687991904,0.007584665666177,0.0129346915805992,0.9999999840382626,0.0,0.08471459259382683,0.0001622521038914,0.42763547901610965,1.0,-1.5695006184402018,0.22284896368353266,0.4716289320857906,0.6616732457094513,0.7646157124686098,0.0,0.05917398595838036,0.678120448333996,0.008496753290248004,0.5,0.0,0.06258305365437213,0.0,0.3508829260152382,18.959082771136345,0.0,2.4637616245879483,0.0,62836.37263721248,71329.0,0.0,23035.238387791225,71329.0,8782,1739,46,0.0,0,0.03939877021179686,346,0.6637440218629014,0.1741061261671601,0.1621498519699385,0.9782509678888636,0.004099294010475973,0.003985424732407197,0.004099294010475973,0.009565019357777272,533,223,280.5120701434753,132.04531997267136,124.95124489128592,53.00817843770481,1644.89530351348,10459.744260736015,0.13322705534046914,142.07355806578514,357.91743472026917
normal_15_procesado,normal,64.17706726868163,362.1380952067871,0.0,87.44231290754958,10.04987562112089,1604.4266817170405,9053.452380169678,0.0,2186.057822688739,251.24689052802225,17.391800182203973,167947.11560247742,-169539.8433568042,52146.14659763721,0.0,32.418954441531575,180.0,-177.6140559696112,97.73394938054764,0.0,0.003323547603012982,0.0072350520035044,0.0012381968908689,0.0013300241390437624,0.0031342225057945,0.020873199442381273,0.791447187241745,0.0,0.08563509091519558,0.0008949763244945,0.4359930093454293,0.6735878158456006,-0.0072487136086676,0.14278069740961813,0.4318213305971542,0.6474632068768539,0.723588051430074,0.0,0.1258297908023367,0.6884265004372603,0.05814622913068509,0.5,0.0,0.15730693372347787,0.0,4.441065245808486,39.33529063275416,0.0,12.395150233484951,0.0,32944.9067357513,43362.0,0.0,17693.82031849777,43362.0,965,527,26,0.10155440414507771,98,0.15129533678756477,146,0.22901554404145077,0.46113989637305697,0.30984455958549223,0.9647668393782384,0.0051813471502590676,0.03005181347150259,0.0,0.0,400,249,318.53471502590673,134.46735751295336,67.69799673916877,54.69743466264134,1015.7008493370242,6781.593734272168,0.13264248704663212,133.7840536911702,357.5104470780009
normal_16_procesado,normal,60.45671299206853,296.8636050444716,0.0,66.96449827281847,11.721674414891837,1511.417824801713,7421.590126111789,0.0,1674.1124568204618,293.04186037229596,593.0637228146593,184142.2106668573,-176029.0138943919,40385.819068127974,0.0,21.348014524920394,180.0,-177.8590986336769,101.52643417616954,0.0,0.0035757899051831717,0.0091572259406488,0.0018502518134688,0.0014960645488923776,0.0035199701416272,0.013426495611045258,0.1365440245508468,0.0,0.03581597779661697,0.0008941742339423,0.2710717002158945,0.8954387698247701,-0.612326229962407,0.5467096639186024,0.6361918047795925,0.66932830126173,0.7353621720464022,0.0,0.09068807936444882,0.6954923101203732,0.1331877729257642,0.5,0.0,0.22127315046101226,0.0,4.908314425989472,18.426295140189985,0.0,8.154488753988554,0.0,9425.35480349345,26807.5,0.0,5380.428921042084,6865.5,458,284,11,0.03056768558951965,14,0.2663755458515284,122,0.8187772925764192,0.16593886462882096,0.015283842794759825,0.9716157205240175,0.0,0.015283842794759825,0.0,0.013100436681222707,365,180,369.48471615720524,210.6877729257642,62.56512393554609,23.35335789575892,896.916328709239,7421.590126111789,0.06986899563318777,138.068163563902,355.13278763977064
normal_18_procesado,normal,87.10850779211495,238.29603437741048,0.0,63.8619760173448,130.04999038831184,2177.712694802873,5957.400859435262,0.0,1596.5494004336201,3251.249759707796,45.22860540681007,148935.02148588153,-148935.02148588153,55261.2486253428,0.0,38.56985239874732,180.0,-176.42366562500266,95.57721784115392,0.0,0.006593908552515823,0.0112905668891385,0.0018276898899868,0.0017113705979998385,0.006976892666528,0.007683452450897716,0.6213670227960039,0.0,0.044858122298935856,0.001182453064631,0.6967266318333821,0.8814381985538283,0.0,0.09306615401946758,0.7082998272129508,0.702001457962712,0.9166666666666666,0.0,0.09383075759143478,0.7149378793594259,0.0015671091445427728,0.5,0.0,0.027400481179400922,0.0,0.047540744626680106,83.50417654225446,0.0,1.963989761263336,0.0,18844.413993362832,43600.5,0.0,5053.616861559643,20327.5,1808,675,21,0.0,0,0.00331858407079646,6,0.45464601769911506,0.00331858407079646,0.5420353982300885,0.04701327433628318,0.0,0.016039823008849558,0.0,0.9369469026548672,422,148,469.6592920353982,223.19579646017698,70.61036812163046,26.961559140890685,1537.2743481873129,5957.400859435262,0.1620575221238938,136.8981293389758,347.4711922908485
normal_19_procesado,normal,34.37125809900684,279.3027031734566,0.0,38.77504680958169,23.43074902771996,859.281452475171,6982.567579336415,0.0,969.3761702395421,585.768725692999,66.1317537596335,162888.225925742,-169690.6306636035,25668.953258351317,0.0,15.163858481791916,180.0,-178.66778014613035,100.11249991576332,0.0,0.004288784425217273,0.0080589094876435,0.0013774758941366,0.0015335414757942326,0.0042354784037837,0.024282291979643555,0.3408938230003464,0.0,0.06812136016746842,0.0022394315428409,0.30063246696637813,0.7385445146216716,0.0,0.2560466601483846,0.0739917287118866,0.6499296917092332,0.7102161735331035,0.0,0.1513321109997534,0.6837570510441209,0.002426388615646927,0.0434782608695652,0.0,0.009987905708193594,0.0,0.1271628290097013,2.2786204225251883,0.0,0.5234488562737543,0.0,23761.399698340876,42915.0,0.0,19043.387071995276,7092.0,663,271,27,0.09803921568627451,65,0.0693815987933635,46,0.4177978883861237,0.21116138763197587,0.37104072398190047,0.9396681749622926,0.0,0.04675716440422323,0.0,0.013574660633484163,358,310,300.6561085972851,173.8838612368024,55.91188029071977,24.443845793019584,526.476667584039,6787.62522654414,0.07541478129713423,135.59958820956015,354.8055710922652
normal_1_procesado,normal,49.57549138919208,438.45638323555056,0.0,113.23327142316766,1.0,1239.3872847298019,10961.409580888763,0.0,2830.8317855791915,25.0,-3.051821675524706,273308.00505107787,-273331.5866305978,64542.79062420876,0.0,11.117852436602195,180.0,-179.70767713077146,94.30916454812301,0.0,0.004868365534917053,0.0102155714136397,0.001613205991074,0.0012566299130457414,0.0043411547152737,0.006732433836477992,0.0105713389917506,0.0033200736984579,0.0036206694237218037,0.0033200736984579,0.1222950483544023,0.3235817056591279,-0.104152441113414,0.2135743051814121,0.3235817056591279,0.5634568560019976,0.6104246458080977,0.5217077095076862,0.044297744688267485,0.5217077095076862,0.5,0.5,0.5,0.0,0.5,24.607751025410046,30.83884390752695,17.59777153302853,6.6114731628946215,30.83884390752695,40848.382352941175,42554.5,38929.0,1810.2684793294509,42554.5,1377,630,2,0.007262164124909223,10,1.0,1377,0.8976034858387799,0.0718954248366013,0.030501089324618737,1.0,0.0,0.0,0.0,0.0,449,176,443.1466957153232,197.08932461873638,130.06270951578819,26.415040601237777,850.7188740354093,10933.263465223912,0.29484386347131447,96.93870200492316,359.18926478073763
normal_20_procesado,normal,166.2896157298014,390.0461511154802,0.0,145.09902053086273,132.5481044753187,4157.240393245034,9751.153777887004,0.0,3627.4755132715686,3313.702611882967,131.29701364656884,242280.4770906032,-242894.9609706919,105996.37282923624,0.0,-5.193926016803361,180.0,-179.80643391373678,99.00017681273823,0.0,0.004661472699808722,0.00599830094911,0.0014493408679747,0.0010791032972335545,0.0049054143915997,0.039097254999985634,0.3184841116826114,0.0,0.08232863034057783,1.7218027722923505e-05,0.5712743099843702,0.738512155387538,-0.181297528468594,0.34054248770591306,0.738512155387538,0.6691240811239946,0.945133481030929,0.0,0.1297767998139427,0.7124636995330788,0.050524934383202096,0.3333333333333333,0.0,0.11965391337919548,0.0,16.236042633003482,107.43864125327084,0.0,38.46609098382871,0.0,24534.43307086614,43600.5,0.0,12257.537208815316,30967.0,508,193,13,0.003937007874015748,2,0.1515748031496063,77,0.9960629921259843,0.0,0.003937007874015748,0.19291338582677164,0.0,0.027559055118110236,0.0,0.7795275590551181,410,131,286.494094488189,207.00393700787401,153.44657714026096,44.38872558238602,2804.807567917795,9715.798438827676,0.19881889763779528,127.07515426012576,345.8294697947257
normal_21_procesado,normal,73.79702411546307,189.52836199366047,0.0,43.13219594371434,70.21395872616783,1844.9256028865764,4738.209049841512,0.0,1078.3048985928585,1755.3489681541955,-13.217989401613643,117810.43863641492,-117332.8844333858,32960.46088306197,0.0,-6.904336029895221,180.0,-171.73282666448938,101.98849915439916,0.0,0.005952476032222699,0.0111309203442756,0.0033152635048021,0.0014660344997684746,0.0052370936750227,0.0011249538310947726,0.0011599627677471,0.0,0.00019865255976488452,0.0011599627677471,0.5144738911245879,1.0,0.0,0.0859122504880891,0.5055882238359337,0.6669032832147005,0.6752094019869425,0.0,0.058575399342394995,0.6752094019869425,0.0,0.0,0.0,0.0,0.0,0.0,0.0,0.0,0.0,0.0,16731.800804828974,17252.5,0.0,2954.623529857033,17252.5,497,155,4,0.0,0,0.0,0,0.4346076458752515,0.3158953722334004,0.24949698189134809,0.9698189134808853,0.0,0.006036217303822937,0.0,0.02414486921529175,146,165,351.9416498993964,200.19718309859155,43.78892986502361,45.76545825694771,975.9288564872103,4712.417545456597,0.08853118712273642,151.1079138457697,339.37646861667474
normal_22_procesado,normal,5.365911044691338,144.9310180741169,0.0,14.200700235947005,1.4142135623730951,134.14777611728343,3623.2754518529223,0.0,355.0175058986751,35.35533905932738,-413.31883089860514,60266.33595963835,-86937.54136204477,9091.252999011745,0.0,-0.35383952422903564,180.0,-177.87890360333856,92.60200243861232,0.0,0.00195797751212529,0.0070576963335643,0.0012572204773833,0.0010989000869239681,0.0015607629233095,0.37604196558555286,0.761666434097039,0.0,0.21591833806629446,0.2597202982391949,0.3811556532141811,0.8279621929263785,-0.3051992140348247,0.2872969347498629,0.4695357779853492,0.3612003357453617,0.6,0.0,0.11942482755919118,0.4244770562745876,0.008819444444444446,0.1,0.0,0.019561814813932245,0.0,13.582916677910209,42.26404830862028,0.0,19.73578305496347,0.0,2535.7555555555555,5824.0,0.0,1607.2250204902045,2306.0,315,284,21,0.012698412698412698,4,0.726984126984127,229,0.653968253968254,0.3396825396825397,0.006349206349206349,0.022222222222222223,0.8857142857142857,0.06349206349206349,0.0,0.02857142857142857,266,270,312.4,159.62222222222223,29.849921849058575,74.65308395565843,144.37062094624216,3623.2754518529223,0.23809523809523808,69.6622949000723,292.7509763427877
normal_24_procesado,normal,27.48040791283654,245.2835094334717,0.0,48.95764416968608,1.4142135623730951,687.0101978209136,6132.0877358367925,0.0,1223.9411042421518,35.35533905932738,17.599530030386674,152418.30991943664,-151904.65090998245,25389.27459083208,0.0,28.167599654902425,180.0,-177.75425743410491,88.80255190271563,0.0,0.002638821744641403,0.0076069057464404,0.0010341616939297,0.0013633857547665472,0.0025573101858282,0.05527081098468415,0.999999973882416,0.0,0.13072369045336263,0.0030221950514931,0.4788825370954224,0.894643197592547,-1.001215358334068,0.29701756774476124,0.6323508509594019,0.5546527499397621,0.9762462062078148,0.0,0.13803294775316768,0.6236715513448937,0.24513720557023821,0.5,0.0,0.22172277065696722,0.1666666666666666,43.39715885320206,65.79448039288575,0.0,27.99461989393201,63.06733581620585,18436.21169463996,31161.5,0.0,13539.952807051697,29342.0,1847,1154,66,0.04981050351922036,92,0.78938819707634,1458,0.5657823497563617,0.41851651326475364,0.01570113697888468,0.6935571196534922,0.1613427179209529,0.04439631835408771,0.008121277747698972,0.09258256632376827,412,257,220.09258256632376,190.13697888467786,54.444934601685176,72.36291386104178,398.0213912657834,6096.7323967774655,0.26204656199242016,101.85942704693093,345.9637565320735
normal_27_procesado,normal,126.60401914467235,480.9261897630446,0.0,93.66682006494979,111.80339887498948,3165.1004786168082,12023.154744076115,0.0,2341.670501623745,2795.084971874737,1.8922894103198087,287097.4632639092,-291376.71599666297,66300.88781738395,0.0,22.87983999133831,180.0,-179.83048635402292,105.26451775300522,0.0,0.01321451922285526,0.0295380207651313,0.0067956458274843,0.0034061703415200406,0.012856536344293,0.0033874493393022784,0.9999999687652488,0.0,0.04331311451395128,1.507867489402924e-05,-0.029075863284490914,1.0,-4.852274851681268,1.423589061306677,0.4208485467863926,0.6550266483529521,0.8333333333333334,0.0,0.05470500984522715,0.6729686842773277,0.014231250513453517,0.5,0.0,0.05965898733419367,0.0,0.5099437704887391,33.429099986358004,0.0,2.234511196959092,0.0,81940.48693326779,91203.5,0.0,26724.69136640573,91203.5,85446,9994,79,0.001673571612480397,143,0.05780258876951525,4939,0.32917866254710576,0.06840577674788756,0.6024155607050067,0.9957517028298575,0.0003393956416918288,0.0010298902230648597,0.0011937363949160874,0.0016852749104697704,529,241,299.38550663576996,117.39811108770452,126.4806849046368,60.22232460063822,1936.0475239454047,11655.068639866518,0.10893429768508765,138.07779122971667,359.3904934233248
normal_28_procesado,normal,114.30204882314105,381.66215426735727,0.0,73.72575729155355,113.50770898930168,2857.5512205785258,9541.553856683931,0.0,1843.1439322888384,2837.692724732542,18.873585004761,216351.1324213488,-216351.1324213488,60951.52880300214,0.0,-14.477303074699948,180.0,-179.6851911926109,110.97065492031814,0.0,0.006939476053589546,0.0146559961212656,0.0028027727060915,0.0019668551862654544,0.00665758148349295,0.004765239313505251,0.99999950000025,0.0,0.05592940485025034,0.0001360025744565,0.4991629892883379,1.0,0.0,0.05480691452584483,0.5000473948718046,0.6734434462016472,0.7274163823495665,0.0,0.05334569041475431,0.6795193102867767,0.000458365164247517,0.1428571428571428,0.0,0.008079564735421055,0.0,0.0013893455675686181,0.4330127018922193,0.0,0.024489879093384372,0.0,48125.980815508025,49353.0,0.0,7684.344257075623,49353.0,7480,1739,36,0.0006684491978609625,5,0.0032085561497326204,24,0.7909090909090909,0.08957219251336898,0.11951871657754011,0.9810160427807486,0.0030748663101604276,0.0053475935828877,0.002807486631016043,0.007754010695187166,503,210,322.6799465240642,119.77580213903744,97.69360308894548,32.11509299034857,1895.705146949271,8654.04529685395,0.07566844919786096,152.50348835309114,358.68308759420677
normal_2_procesado,normal,64.5007501686464,377.6903493604252,0.0,82.56141817041612,6.0,1612.51875421616,9442.25873401063,0.0,2064.0354542604027,150.0,-53.09334809960302,231210.5141201404,-195110.6199648677,49321.60706431197,0.0,-8.409976543154979,180.0,-174.0938588862295,96.15247776793144,0.0,0.0024126324897419484,0.0048398301443368,0.0004971844555217,0.0006559580656791146,0.0024375289665201,0.009949211915821298,0.6995866788582858,0.0,0.06157691520551434,0.0025380684782545,0.638570409777913,0.6765293691294403,0.0,0.10220476627134631,0.6765293691294403,0.6476317661909449,0.6797194037072621,0.0,0.05177734610409509,0.6334685327675051,0.1428164196123147,0.25,0.0,0.12375907000502373,0.25,51.36661834085611,89.91721414157844,0.0,44.51228319841726,89.91721414157844,31623.910775370583,47887.5,0.0,18823.92022273985,47887.5,1754,694,11,0.0034207525655644243,6,0.5712656784492588,1002,0.4549600912200684,0.17160775370581527,0.3734321550741163,0.9885974914481186,0.007411630558722919,0.003990877993158495,0.0,0.0,347,290,139.9897377423033,144.12884834663626,85.72546628983721,80.31979322938818,1027.1700521325422,9248.420564805616,0.15279361459521096,125.26056852566624,335.0096938886752
normal_30_procesado,normal,63.61987790725393,180.1887898843877,0.0,66.54036331992461,32.0,1590.496947681348,4504.719747109692,0.0,1663.5090829981152,800.0,126.55185690363386,111212.61513074362,-110479.18815238244,42249.11708287413,0.0,-5.213781295878023,180.0,-176.4785466230778,107.64087634147583,0.0,0.0030895198402582837,0.0067472253734678,0.0013015045009716,0.0015522386099007385,0.0031777434467368,0.011264721974778983,0.0332336254633471,0.0,0.013455412194465726,0.003234852430077,0.4429380348698786,0.9416839850008808,-0.076116385696044,0.33173655345855224,0.6433163562960678,0.6600366923894426,0.7338382031255801,0.0,0.1019358581643125,0.7024826160281327,0.0,0.0,0.0,0.0,0.0,0.0,0.0,0.0,0.0,0.0,13807.71052631579,16919.0,0.0,4848.3554782517085,16919.0,456,284,8,0.03070175438596491,14,0.0,0,0.8114035087719298,0.17543859649122806,0.013157894736842105,0.9605263157894737,0.0,0.017543859649122806,0.0,0.021929824561403508,347,162,272.71491228070175,212.49122807017545,61.80285811870387,22.371094227821477,1013.6917985881967,4448.504605229745,0.09429824561403509,144.060047971534,356.32176127800665
normal_32_procesado,normal,76.88764928273142,237.598400668018,0.0,67.28246190553084,124.32618388738553,1922.1912320682857,5939.960016700449,0.0,1682.0615476382711,3108.154597184638,110.92340639187447,148284.4605816806,-148284.4605816806,56659.373426302926,0.0,-31.31419097042104,180.0,-177.75425743410491,93.62791146875487,0.0,0.003994156800939425,0.0081413700487112,0.0009998195155655,0.001270834190806832,0.0035310521422788,0.01584758285068304,0.99999950000025,0.0,0.09561957125388261,0.0006210918820725,0.6662025740327565,1.0,-0.1065643835087093,0.12798771718458316,0.7001784646379288,0.6646628901979652,0.7421117085920385,0.0,0.09876712805239436,0.6844903739177496,0.008209338122113904,0.25,0.0,0.04158469370498058,0.0,0.022752448670049687,0.6109532624422993,0.0,0.11456861967899255,0.0,15677.432786044124,53427.0,0.0,5704.149917553676,17770.5,1949,673,28,0.0,0,0.03796818881477681,74,0.4155977424320164,0.004617752693689072,0.5797845048742946,0.0918419702411493,0.0,0.017444843509492047,0.009748589020010261,0.8809645972293484,456,149,172.52283222165212,225.18471010774758,87.19049759948534,27.8779378186983,1545.8109682159545,5931.378423267225,0.18984094407388405,129.23322932838124,345.9637565320735
normal_35_procesado,normal,192.81924505001567,388.8611577414232,0.0,127.47824933554912,233.13729860320507,4820.481126250391,9721.52894353558,0.0,3186.956233388728,5828.432465080126,570.2148581183884,242977.94395788276,-242977.94395788276,106288.89736429178,0.0,46.69030848435977,180.0,-176.32550047917036,95.56783974792474,0.0,0.004477091347237947,0.0079076987750904,0.0011815205538232,0.0014721265277255295,0.0042249492131972,0.008283049000199404,0.0549618345402162,0.0,0.016325758697030856,0.0015839689642752,0.758673063552845,0.988863892723041,-0.1341388847721834,0.15092272976872503,0.7571328131745574,0.7424791407756145,0.7912470535205439,0.0,0.07306471224913981,0.7505565838129074,0.00510204081632653,0.25,0.0,0.03538812102191873,0.0,1.0705349667091502,52.45621336874836,0.0,7.425307308179434,0.0,23053.263038548754,26936.5,0.0,8722.963748972063,26936.5,441,212,6,0.027210884353741496,12,0.02040816326530612,9,0.9977324263038548,0.0,0.0022675736961451248,0.018140589569160998,0.0,0.006802721088435374,0.0,0.9750566893424036,392,160,386.4149659863946,210.24036281179139,139.7310977721177,46.675974975013304,2800.342335716786,9719.11775831531,0.13378684807256236,143.43185845649757,332.5129542707359
normal_36_procesado,normal,76.24911109671099,190.9397810829373,0.0,42.895873589436846,78.74953348949617,1906.2277774177749,4773.494527073432,0.0,1072.396839735921,1968.7383372374038,32.16793870857143,115975.6137419525,-90445.05234852024,34444.54699026458,0.0,4.127683497506058,180.0,-175.6012946450045,101.04433474934886,-8.025691073997256,0.006075567154542952,0.0101157753035488,0.0029175424582691,0.0014864779281642381,0.0059010783765326,0.002324001975318332,0.0023687725913052,0.0,0.0003228406458391835,0.0023687725913052,0.5066605239319444,1.0,0.0,0.06889494175690904,0.5076644919936806,0.6738496243881222,0.6824526819507655,0.0,0.07086652688350048,0.6824526819507655,0.0,0.0,0.0,0.0,0.0,0.0,0.0,0.0,0.0,0.0,20868.480240549827,21270.5,0.0,2898.9620964579917,21270.5,582,155,5,0.0,0,0.0,0,0.32130584192439865,0.41580756013745707,0.26288659793814434,0.9810996563573883,0.0,0.010309278350515464,0.0,0.00859106529209622,174,187,281.6993127147766,202.1340206185567,45.87111292794187,44.53275393226105,1069.531357772334,4639.0245496781,0.06357388316151202,146.12551706807213,312.87890360333853
normal_37_procesado,normal,13.063525758536425,238.28764130772709,0.0,42.980574577376245,1.4142135623730951,326.58814396341063,5957.1910326931775,0.0,1074.5143644344062,35.35533905932738,-16.545007196332527,147679.77581732944,-148929.77581732944,31281.001977965185,0.0,6.011124438672563,180.0,-177.27368900609375,89.05517289963454,0.0,0.0019695013360791834,0.0037321942286741,0.000881920521329,0.0006832118060765811,0.00165745647381895,0.28506678064543906,0.999999000001,0.0,0.33322293786265883,0.1252450685215012,0.07795518939183421,0.7958762800258306,-0.8742217910774437,0.3705510639792162,0.0786875252736385,0.38875738313097674,0.5996357700629572,0.0,0.15859705998657528,0.4702671637181582,0.09109730848861282,0.3333333333333333,0.0,0.14878102898561385,0.0,14.198002063868328,51.95178027915457,0.0,23.188317982701417,0.0,17404.004658385093,32310.5,0.0,13301.969875580477,23246.5,322,266,28,0.006211180124223602,2,0.2732919254658385,88,0.7298136645962733,0.2701863354037267,0.0,0.06832298136645963,0.6490683229813664,0.09316770186335403,0.18944099378881987,0.0,275,283,284.08385093167703,169.85714285714286,91.65410963596509,66.99740610990969,367.354835006034,5957.1910326931775,0.2732919254658385,77.21476628095363,329.0362434679265
normal_38_procesado,normal,146.68005456154614,557.3445971748538,0.0,124.16572964471142,137.46272221951665,3667.0013640386537,13933.614929371344,0.0,3104.1432411177857,3436.5680554879164,-82.17483435228691,299135.40845893725,-312358.09277974535,88173.04065796522,0.0,-29.86834692405533,180.0,-179.79537308603415,103.08254688436692,0.0,0.008114664252445393,0.0137401193584962,0.0051027969337003,0.0018801172778708194,0.008216660544104,0.007622235338860116,0.9179583400171992,0.0,0.0633906867005748,0.0020812836698358,0.3145619433604766,0.5889527336961272,-0.7722608256466041,0.4495846725820051,0.4487966910375615,0.6605259380334331,0.6927561313952812,0.0,0.05382781109594847,0.6773970754585443,0.07108498129342597,0.5,0.0,0.1746588691759009,0.0,3.4772152097652897,24.458156607033303,0.0,8.54366795022305,0.0,48124.14885088188,70157.5,0.0,21622.59964841815,47268.5,1871,374,6,0.002672367717797969,5,0.14216996258685194,266,0.5606627471940139,0.1817210048102619,0.2576162479957242,0.9941207910208445,0.0,0.0010689470871191875,0.004810261892036344,0.0,593,167,309.28594334580436,155.64885088188134,178.81758102487638,41.4076531652958,2510.8928675143247,12494.323711189814,0.13842864778193478,133.14516493209936,358.56341636444154
normal_3_procesado,normal,220.1709229648325,557.288076312422,0.0,140.443889112797,210.2974084481309,5504.273074120812,13932.201907810551,0.0,3511.0972278199256,5257.435211203273,83.99375722270811,312778.001344404,-304163.6438547626,118096.44663268696,0.0,47.43983645325856,180.0,-179.89467699452763,107.3288992308511,1.0860458260064003,0.008864719492288398,0.017010003901561,0.0040028191130761,0.0026939741154889917,0.0086722505819183,0.0038069810944827984,0.1581965234905084,0.0,0.017387869226315626,0.0023492481314906,0.4747288524291974,0.4849732678431132,0.0,0.033165762279084215,0.4727105931117231,0.6703412644821057,0.6752250790184628,0.0,0.03744278470865485,0.6752250790184628,0.0020844661953960475,0.1666666666666666,0.0,0.018527079776904327,0.0,0.6558047174362952,52.43586414631943,0.0,5.828900629258664,0.0,78003.50217509516,82256.0,0.0,8855.113792217368,76240.0,1839,374,5,0.0,0,0.012506797172376292,23,0.5845568243610658,0.12561174551386622,0.28983143012506796,0.9972811310494835,0.0,0.0027188689505165853,0.0,0.0,604,215,326.48558999456225,156.81131049483415,172.09266832069298,42.55687818329981,3686.400422071851,12511.12005377616,0.028276237085372486,141.73883267266564,354.9020147775456
normal_41_procesado,normal,149.21534488140867,586.2985587565435,0.0,110.95911502189101,131.52946437965906,3730.383622035217,14657.463968913586,0.0,2773.9778755472753,3288.2366094914764,-2.8293455581109463,327820.61486745824,-348353.8296402094,82241.1371389855,0.0,30.6938553174931,180.0,-179.8759833549024,110.92028515036871,0.0,0.011040356446678645,0.0240275891410547,0.0010584940025496,0.004035123165442334,0.0106844393053984,0.011094824569898095,0.9999997226499788,0.0,0.07763681382330181,0.0001843978598558,0.3336798539927625,1.0,-0.5121460172160899,0.08351290112459724,0.3550406160989467,0.6630856777138027,1.0,0.0,0.06815432973640596,0.6738375773438562,0.0065818890146492,0.5,0.0,0.05216446229225231,0.0,0.5146896289766418,53.075037962487215,0.0,4.411765361802581,0.0,81520.26423820938,117844.0,0.0,35758.13084863604,68462.0,29621,4464,207,0.004557577394416124,135,0.026332669389959824,780,0.330204922183586,0.10718746835015698,0.5626076094662571,0.979203943148442,0.004118699571250126,0.008777556463319942,0.004388778231659971,0.003511022585327977,624,287,293.96046723608254,139.95263495493063,151.57567517279801,34.60613953543955,2483.560194829864,13934.153185608377,0.05381317308666149,143.23722125387957,359.2461516669292
normal_4_procesado,normal,187.47518439973638,434.8850422812907,0.0,142.2206613237202,209.9166014769138,4686.87960999341,10872.126057032268,0.0,3555.5165330930054,5247.915036922845,168.2568052070907,271183.74766936165,-264872.76364406536,109258.46385354962,0.0,-40.551198441567784,180.0,-179.26735733113523,104.04770316088202,0.0,0.005421471637807609,0.0113963388362705,0.0010411692243958,0.001863882216936748,0.0054941940536763,0.004291336003487925,0.0657200669459776,0.0,0.009577655241993388,0.0019140393493109,0.5021811962979952,0.876888063527871,0.0,0.14894300996049836,0.4304850919789101,0.7158031632047706,0.7716853904812094,0.0,0.07486332347343631,0.7262380384733967,0.0,0.0,0.0,0.0,0.0,0.0,0.0,0.0,0.0,0.0,55265.93046132971,69231.5,0.0,25311.297606293116,69231.5,1474,595,20,0.0013568521031207597,2,0.0,0,0.9369063772048847,0.021709633649932156,0.041383989145183174,0.7672998643147897,0.007462686567164179,0.008141112618724558,0.0,0.21709633649932158,457,254,394.421302578019,206.34531886024422,164.81221260892735,35.831631176043395,2830.4312416383564,10847.349906774463,0.0807327001356852,143.22720001975472,358.19126067750796
normal_5_procesado,normal,100.47709833295976,329.1200388915874,0.0,93.89391374280599,65.12296062065974,2511.927458323994,8228.000972289685,0.0,2347.34784357015,1628.0740155164935,90.84306180127192,204530.7128526178,-205115.24961591716,62072.53917557978,0.0,-9.828666842059459,180.0,-179.09061955080085,98.42415864599383,0.0,0.0034187094580723065,0.0072005222012641,6.751887667579881e-05,0.0014544090388202908,0.0033451792221174,0.004879837036577048,0.506560781290539,0.0,0.03113477992433853,0.0023535198981494,0.3591399052791765,0.6651569425230207,-0.7019277797379495,0.1361944267473048,0.3974867616539481,0.6613945958065003,0.7375382010803625,0.0,0.12593542087133525,0.6893582215435637,8.873114463176571e-05,0.1428571428571428,0.0,0.0035603199019944754,0.0,0.04075021747829543,65.60785014005565,0.0,1.6350945420649796,0.0,48053.110559006214,59582.0,0.0,23109.39830728638,59582.0,1610,590,45,0.0037267080745341614,6,0.0006211180124223603,1,0.6608695652173913,0.2453416149068323,0.09378881987577639,0.9658385093167702,0.0006211180124223603,0.03354037267080745,0.0,0.0,468,285,201.33291925465838,121.11552795031056,91.79821398880703,69.85666988046022,1521.3730724167744,8204.609984636685,0.11614906832298137,136.38064726227634,347.00538320808346
normal_6_procesado,normal,146.97095593575725,622.3905526275282,0.0,112.0066409422624,128.03515142334936,3674.2738983939316,15559.763815688206,0.0,2800.16602355656,3200.878785583734,19.99293371009452,386828.5513312067,-332514.6848260991,82356.21838871531,0.0,-21.421072445093323,180.0,-179.8639057677945,112.09613091222896,0.0,0.012215530314985963,0.0256020447654965,0.0006002307589383,0.00357159310480303,0.0120580402276661,0.015101616321272054,0.9999998750000156,0.0,0.09601649404553468,2.5214214944533888e-05,0.2988719237484727,1.0,-0.4884841130035426,0.08685585794118189,0.2816464008158682,0.6608224499609828,0.9871910079876964,0.0,0.06896529189683658,0.6707572596879509,0.014692154464969886,0.5,0.0,0.07342596516600348,0.0,3.4668237107844586,170.70323254115607,0.0,18.12974859398965,0.0,109130.41051450392,125089.5,0.0,37935.925016467736,125089.5,29854,4468,223,0.00787164199102298,235,0.05252227507201715,1568,0.2707174917933945,0.10859516312721913,0.6206873450793864,0.974241307697461,0.003517116634286863,0.008977021504655992,0.006665773430696054,0.006598780732900114,625,260,342.60815971059156,141.22975145709117,152.64888223147182,35.342030134851036,2459.2186388870578,15473.142053248268,0.05406310712132378,145.61437772454667,359.351396241109
normal_7_procesado,normal,58.687325574500264,462.0822437618654,0.0,125.84160666917545,1.4142135623730951,1467.1831393625066,11552.056094046637,0.0,3146.0401667293863,35.35533905932738,172.49290117582896,287600.52590355254,-288176.4023511659,71928.1791628687,0.0,6.200343228105264,180.0,-179.57559458063852,101.43290392550061,0.0,0.004944733004541652,0.0103325919571434,0.000886617938503,0.00177819520656522,0.0044872927262679,0.03621383616159051,0.9262092990201364,0.0,0.08631250147177469,0.0169769875869555,0.17150100135347082,0.7566162750479785,-0.7370759940699527,0.19932816638641673,0.2041169805346525,0.5437947548304081,0.8189092207880477,0.0,0.13545337574023397,0.5221574925247572,0.38985395849346655,0.5,0.0,0.20551262782109925,0.5,24.04841221089014,56.69073860649551,0.0,14.626342089408315,23.192728683275696,25946.971944657955,46308.5,0.0,13747.414207748474,28331.5,1301,623,43,0.009223674096848577,12,0.787086856264412,1024,0.9400461183704842,0.0023059185242121443,0.05764796310530361,0.8585703305149884,0.08531898539584935,0.02536510376633359,0.004611837048424289,0.026133743274404306,484,247,415.7855495772483,219.3727901614143,150.65841437435176,49.82568226227634,1039.3005187023869,11527.056094046637,0.22136817832436587,111.87858575836279,359.4212744343922
normal_8_procesado,normal,108.34894547189135,292.17973920174546,0.0,67.32620268803167,101.6070863670443,2708.7236367972837,7304.493480043637,0.0,1683.1550672007918,2540.177159176108,-1.1388252713801814,180358.86745392592,-151478.3916108169,53547.22295835853,0.0,-14.04878899292344,180.0,-179.31793960682734,96.37881384977011,0.0,0.0025232766358271185,0.0046936427788246,0.000476443107641,0.0008115790664752562,0.0027325048145574,0.0005661767690666372,0.0005689290172496,0.0,3.948843651059746e-05,0.0005689290172496,0.45985370330319736,0.4620891032498102,0.0,0.0320728520829052,0.4620891032498102,0.6851620218745204,0.6884926705919658,0.0,0.047787154963753346,0.6884926705919658,0.0,0.0,0.0,0.0,0.0,0.0,0.0,0.0,0.0,0.0,50778.6592950933,51025.5,0.0,3541.5968531756357,51025.5,1447,476,7,0.0,0,0.0,0,0.4402211472011057,0.43814789219073946,0.1216309606081548,0.995162404975812,0.0,0.0048375950241879755,0.0,0.0,283,336,76.10020732550103,141.72356599861783,62.7369559047527,64.69836078482243,1572.4737884174274,7214.354698157037,0.053213545266067724,139.4273979039774,355.215470311835
normal_9_procesado,normal,88.18735952108949,263.0475242232856,0.0,57.530789523443154,79.8310694338241,2204.6839880272373,6576.18810558214,0.0,1438.2697380860789,1995.7767358456022,39.728745488976095,137289.36789041176,-162193.2200340076,42728.66355970864,0.0,-4.156148170137907,180.0,-179.44909602078144,98.6540462600665,0.0,0.0031263209971330542,0.0064363524972825,0.0006403049863163,0.0010447798687198508,0.0029744365999479,0.0036861843090740596,0.6039411768174145,0.0,0.03894711101127858,0.0001814128493417,0.4673016211977348,0.4792139360475272,0.0,0.07256720320420243,0.4792139360475272,0.6762974878008631,0.6950179233237519,0.0,0.10751272480218416,0.6950179233237519,0.0,0.0,0.0,0.0,0.0,0.0,0.0,0.0,0.0,0.0,44202.72403003755,45719.0,0.0,8189.181382105002,45719.0,1598,491,27,0.0,0,0.0,0,0.7108886107634543,0.20212765957446807,0.0869837296620776,0.9668335419274092,0.010012515644555695,0.023153942428035045,0.0,0.0,271,284,78.86670838548186,175.69086357947435,56.9059502072998,51.66036722693183,1224.0469680022493,6487.728801360304,0.04881101376720901,140.72358424638335,354.90788487550105
merodeo_11_procesado,merodeo,11.865139221749324,107.33126291998992,0.0,24.624562953244975,0.0,296.62848054373313,2683.281572999748,0.0,615.6140738311245,0.0,7.3277513683420885,62881.60644879896,-65135.07599596395,11000.123519318324,0.0,-4.775200331593941,180.0,-178.1523897340054,73.62852933340746,0.0,0.0023640662774139184,0.0057092023095173,0.001174684774542,0.0011654054336513486,0.0017115944712231,0.03797775875964726,0.9417837185340976,0.0,0.155853658016889,0.0016682526790285,0.0051645518830945245,0.8395823729776332,-0.2494141519573398,0.4009693756161533,-0.2494141519573398,0.5970768478808826,0.6391658779250425,0.0,0.046378649312947724,0.5931393405224326,0.35470085470085466,0.5,0.0,0.10068568897164544,0.3333333333333333,13.658979351160845,18.457508897513208,0.0,7.491745714964017,18.457508897513208,3220.1765285996057,4468.0,0.0,1946.1328127349725,4468.0,507,428,5,0.0,0,0.9704142011834319,492,0.9763313609467456,0.023668639053254437,0.0,0.9329388560157791,0.0,0.0039447731755424065,0.02564102564102564,0.03747534516765286,252,98,376.0453648915187,124.18145956607495,20.2718654998708,16.245601759294214,157.6427029878234,2605.403039838558,0.5266272189349113,79.69302524242585,358.1523897340054
merodeo_13_procesado,merodeo,19.746222009143413,158.38244852255568,0.0,37.48391272597831,3.8643284505408246,493.65555022858535,3959.561213063892,0.0,937.0978181494578,96.60821126352062,-960.1716133129692,93649.02798577384,-88118.57854117735,25981.163320020423,0.0,-7.86174106116628,180.0,-168.6900675259798,83.99746779224625,0.0,0.001598717395768922,0.0017223248194826,0.0010703603722284,0.00013418741993596948,0.00165767362695595,0.06463476118792834,0.0868156436543585,0.0,0.03572898149025554,0.0868156436543585,0.2597520025208264,0.652599285209663,0.0,0.20259992683671943,0.2519320527459122,0.38048345050811566,0.7307692307692308,0.0,0.23473816888616944,0.4293381961644317,0.15217391304347827,0.25,0.0,0.12267912301642961,0.25,20.644251913088056,33.91555671435894,0.0,16.642923017326144,33.91555671435894,12520.527173913044,20569.0,0.0,10093.213576938368,20569.0,92,92,18,0.0,0,0.6086956521739131,56,0.9347826086956522,0.06521739130434782,0.0,0.16304347826086957,0.6086956521739131,0.22826086956521738,0.0,0.0,166,194,326.0978260869565,168.06521739130434,35.47327109606804,28.30982602212121,525.3708250201548,3745.9611194309537,0.22826086956521738,96.02721626514465,323.4369041314059
merodeo_15_procesado,merodeo,36.08831097933542,419.5151963874491,0.0,36.11326098474075,48.821069500173095,902.2077744833854,10487.879909686228,0.0,902.8315246185186,1220.5267375043272,-20.728623580729607,251889.23367811157,-217808.79548074395,26590.738490543197,0.0,-0.43089738170722897,180.0,-179.20427644726072,107.93493291618097,0.0,0.00236565999398874,0.0041644882102773,0.0008819418812845,0.0007740951506296415,0.0024681444692592,0.02974966042565733,0.8460958055746206,0.0,0.1122306714952001,0.0016556219915623,0.6756035424274146,0.7821283830034257,0.0,0.21206752451108943,0.7821283830034257,0.6546280699914048,0.7612918088252165,0.0,0.167569480377259,0.7187275763083787,0.29045650301464254,0.5,0.0,0.15147321598806524,0.3333333333333333,8.901249893038809,66.97176227447476,0.0,11.01340479678824,6.933258445940104,4410.361757105943,52733.5,0.0,8390.900670625611,3939.5,774,473,32,0.0103359173126615,8,0.8436692506459949,653,0.21059431524547803,0.789405684754522,0.0,0.2222222222222222,0.01808785529715762,0.05167958656330749,0.007751937984496124,0.7002583979328165,392,252,181.77131782945736,227.9108527131783,38.10359887753648,22.472718801820093,608.6741844362713,10075.569347124461,0.12403100775193798,140.27708074936461,358.2901859558585
merodeo_18_procesado,merodeo,62.60482085172649,381.5769909205743,0.0,77.21114784760971,8.0,1565.1205212931627,9539.424773014356,0.0,1930.278696190243,200.0,100.4382744499476,208714.81689224244,-214549.00195422352,47134.027207238,0.0,3.738515437342326,180.0,-179.70466354605296,102.05836543707983,0.0,0.0030652219361632,0.0094810921733188,0.000918520097264,0.0011674056744708046,0.003011967449046,0.0214377107596753,0.999999000001,0.0,0.08082688013991225,0.0039363567498361,0.4394831076869798,0.8689047639215134,-0.7536882333250938,0.30001571322791476,0.4964000242851141,0.6452953261960658,0.8264974333584232,0.0,0.1110456955471388,0.6553270278108423,0.19151354394264927,0.5,0.0,0.2331032793901796,0.0,19.333312697294666,90.90733212178012,0.0,26.18070253635103,0.0,18703.954268866444,48056.0,0.0,13503.833570283841,14596.5,15941,9313,284,0.0126089956715388,201,0.4457060410262844,7105,0.7567906655793237,0.18336365347217867,0.059845680948497584,0.8217175835894862,0.03719967379712691,0.017125650837463147,0.003952073270183803,0.12000501850573991,500,313,293.7508939213349,196.74851013110847,80.72714930471562,49.761772991544,977.3692995861954,8581.96007816894,0.13938899692616524,130.1756210266442,359.48071712341084
merodeo_19_procesado,merodeo,135.94123665251115,441.1995013596457,0.0,164.2602231474768,22.05671878995988,3398.5309163127786,11029.987533991143,0.0,4106.505578686921,551.4179697489969,61.3563870841546,269918.9693222764,-270233.7327833459,99712.80495859587,0.0,15.624910694308424,180.0,-179.35625428582463,90.39316619379117,0.0,0.005079722658117806,0.0103944034498752,0.0006492016823108,0.0013269667477623429,0.0055233070130782,0.018329905079881005,0.999999000001,0.0,0.07009308553205074,0.0014975745657024,0.45399441211799124,1.0,-0.6172127137783554,0.4396323301550761,0.7155237926229143,0.6476665445117612,0.7754272455627808,0.0,0.08419252975092942,0.6979679700718382,0.17852750413995155,0.5,0.0,0.21943380250343975,0.0,37.52065255228996,194.06418204049373,0.0,65.31166250597612,0.0,28093.981375525454,61187.5,0.0,18682.088786347515,24340.0,8564,3234,49,0.02008407286314806,172,0.4629845866417562,3965,0.9507239607659972,0.04390471742176553,0.005371321812237272,0.44617001401214385,0.007823446987389071,0.003619803829985988,0.0028024287716020553,0.539584306398879,468,245,323.39397477814106,217.7302662307333,173.17976150335608,48.39945425451733,2129.4099528459933,10809.349311333835,0.34890238206445584,109.81846500995226,358.7269699799433
merodeo_1_procesado,merodeo,49.38149122139222,240.77582935170216,0.0,67.34501352764293,2.0,1234.5372805348054,6019.395733792554,0.0,1683.6253381910738,50.0,14.819637510778394,149615.3923398258,-149505.15186830392,34556.13476537436,0.0,7.601025437717055,180.0,-178.53119928561418,85.23837616883195,0.0,0.002788942000477115,0.0067028260128405,0.0012684457164539,0.0011439297067035285,0.0030027691773836,0.012927141141538612,0.9999992928937188,0.0,0.07687040849613111,0.002948525898975,0.439537401224207,1.0,-0.0102936785732896,0.11772874736820742,0.4097872796679203,0.6105556804938972,0.6903849867798106,0.0,0.08392091085210876,0.6303262793736437,0.16425728156858327,0.5,0.0,0.17408447202284905,0.25,24.118652550545193,51.31354694113048,0.0,23.770683429500437,33.87787291993555,27923.44805694498,45832.0,0.0,16085.855558746476,18665.5,5198,3318,24,0.038476337052712584,200,0.5521354367064255,2870,0.4163139669103501,0.5652173913043478,0.01846864178530204,0.9796075413620623,0.00596383224317045,0.0034628703347441324,0.005001923816852636,0.00596383224317045,241,252,286.2073874567141,170.73951519815313,49.446204680116495,63.73790211615547,692.3519270128429,5984.615693593032,0.32608695652173914,102.66402731092457,358.5311992856142
merodeo_22_procesado,merodeo,70.2476035395252,287.80027797067885,0.0,62.0181408396149,65.96969000988257,1756.19008848813,7195.006949266971,0.0,1550.4535209903727,1649.2422502470642,-2.07290452690142,175593.98503319238,-175032.13910838656,38860.25814535227,0.0,5.415229126499127,180.0,-179.38394009160078,93.92406780601546,0.0,0.008797356489281451,0.0189816533217723,0.0018287872567205,0.0030801150391279748,0.0090736543521313,0.036208447200982666,0.999999000001,0.0,0.13712914782181126,0.0001601665564773,0.3382220546632285,1.0,-0.2671332839745099,0.1278151882360707,0.2863627884465228,0.6589452037343205,0.7246800369628639,0.0,0.09727318490461154,0.6822342035096809,0.0031952549274112244,0.5,0.0,0.031383621240622744,0.0,1.0848292587853605,94.63396588963182,0.0,5.907902475325996,0.0,37382.081890748224,62391.5,0.0,14679.209280309535,45603.0,10398,2721,139,0.007309097903442969,76,0.06155029813425659,640,0.7831313714175803,0.09588382381227159,0.1209848047701481,0.9474899019042123,0.0031736872475476054,0.016060780919407578,0.012117714945181766,0.021157914983650702,341,313,435.05106751298325,80.64291209848048,60.519400637563514,53.07244793205771,995.2958451948363,7023.759401327696,0.19782650509713406,129.01386025178223,354.6679649082311
merodeo_23_procesado,merodeo,40.37250487190123,264.0,0.0,62.02503121962657,1.4142135623730951,1009.3126217975308,6600.0,0.0,1550.6257804906645,35.35533905932738,13.512118439961238,156134.9576488238,-156301.24159775572,32442.726108746887,0.0,17.57061229644532,180.0,-178.75463573323165,82.07165264055435,0.0,0.003685443146592191,0.0094215791716869,0.0014788377980292,0.0018237833345863155,0.0033799874705026,0.016334174307814732,0.9999995527866044,0.0,0.08014043056113705,0.0020221154666424,0.3561850683654102,1.0,-0.7262818619565092,0.20369337944252963,0.3758934173823695,0.58943464297655,0.9181677086209352,0.0,0.07691994882707447,0.5799612813372735,0.36324589825022896,0.5,0.0,0.1834201029757269,0.5,35.74524885280564,60.47334054736999,0.0,19.217178367137752,41.225528495619706,14415.102708598437,23044.0,0.0,6061.021949248098,14370.0,5501,3317,39,0.05835302672241411,321,0.8382112343210325,4611,0.43010361752408655,0.5522632248682058,0.01763315760770769,0.9825486275222687,0.003272132339574623,0.006362479549172878,0.002726776949645519,0.005089983639338302,238,264,356.91910561716054,164.80403562988548,48.18114116539721,66.74702955652648,627.3754779470277,6252.049663910228,0.3575713506635157,97.45962960825896,356.3086140135487
merodeo_24_procesado,merodeo,61.242480280427266,486.2766702197423,0.0,115.75833323522927,2.0,1531.062007010682,12156.916755493558,0.0,2893.9583308807323,50.0,222.4239140295631,303922.9188873389,-303240.9572023542,67845.2414613463,0.0,14.342547474599554,180.0,-179.559271927239,90.35758062980157,0.0,0.002283701650641422,0.0135154796658484,0.0004158747175767,0.0021135596397613,0.0014303307783498,0.06147614690532526,0.99999950000025,0.0,0.1325300536145414,0.0107984207776602,0.41361625186509504,1.0,-0.8083654357560619,0.4086565992679333,0.5082571156159549,0.60303419384129,0.9475911887897752,0.0,0.157800625822831,0.6302834809110427,0.1594140662876237,0.5,0.0,0.19173224529842464,0.0,16.337430040100564,233.94458255820612,0.0,31.097102421304122,0.0,14471.930203829525,83559.0,0.0,24213.635657745755,2745.5,3238,2176,145,0.030265596046942556,98,0.5176034589252625,1676,0.7313156269302038,0.08863495985176034,0.18004941321803583,0.8029647930821495,0.033353922174181594,0.04910438542310068,0.0015441630636195182,0.11303273625694873,602,299,200.78350833848054,140.4326744904262,166.277672004985,74.36768115050444,1126.6784400018146,12156.916755493558,0.32798023471278565,109.75627160565051,353.60104337263107
merodeo_27_procesado,merodeo,51.61908418796382,517.9623538443697,0.0,113.2678105444571,1.0,1290.4771046990957,12949.05884610924,0.0,2831.695263611428,25.0,-17.34001913393193,323726.47115273104,-323101.47115273104,56739.86796125641,0.0,-17.27600610391072,180.0,-179.07843155279002,78.44373688629544,0.0,0.0020919678589829196,0.0091670731808619,0.0005939999575389,0.0014759127576129192,0.0018396174553437,0.08645676159181441,0.9999999470001087,0.0,0.21438553502865001,0.0149870938538244,0.4708923089622723,1.0,-0.5877126477250658,0.3512920275438809,0.5137586425230511,0.6293654635549102,0.961776950965142,0.0,0.13423268415794667,0.663999042922036,0.23716461143091686,0.5,0.0,0.24051871503574562,0.0769230769230769,39.37840783680872,261.182594175033,0.0,62.013099803538125,7.075466219424853,8239.63529765484,96459.0,0.0,9854.909940866599,3979.5,3326,2239,77,0.07817197835237523,260,0.6734816596512327,2240,0.9455802766085388,0.04810583283223091,0.006313890559230307,0.6930246542393265,0.0006013229104028864,0.016235718580877932,0.04720384846662658,0.2429344558027661,563,184,165.99007817197835,175.68190018039687,122.1274432006612,20.369588495006415,779.6598357237875,12949.05884610924,0.4927841250751654,84.46446096000378,353.72414936069185
merodeo_30_procesado,merodeo,33.89677372341179,279.29375216785644,0.0,77.47213300448475,0.0,847.4193430852948,6982.343804196411,0.0,1936.803325112119,0.0,-380.97137401398095,173620.02324313312,-174026.30907423166,41532.44992642483,0.0,-7.478882702678447,180.0,-178.53119928561418,71.95884824157004,0.0,0.0017259114138770094,0.0035826005223887,0.0009628767099904,0.0009304318103003881,0.0012664243351053,0.11577664484586948,0.999999000001,0.0,0.23326732529108501,0.0427800925565896,-0.04264091801990542,1.0,-1.5534507026988718,0.5929895914383309,0.006321134677983,0.5932073388965715,0.8035714285714286,0.0,0.1553314432152255,0.6465272269500838,0.23857142857142857,0.5,0.0,0.25009617470592765,0.0,13.57146890260702,252.0544534421084,0.0,20.572269279589435,0.0,1965.5628571428572,96459.0,0.0,5349.082549569799,1090.0,350,287,23,0.0,0,0.5628571428571428,197,0.9685714285714285,0.0,0.03142857142857143,0.8514285714285714,0.0,0.045714285714285714,0.06571428571428571,0.037142857142857144,391,128,251.4742857142857,117.99142857142857,81.08874597439751,31.297489957015667,533.0318581523001,6961.052362969266,0.5485714285714286,73.31792289600644,358.02506598911805
merodeo_32_procesado,merodeo,36.245817980524905,167.8153747426022,0.0,49.79162763387983,9.219544457292889,906.1454495131225,4195.384368565055,0.0,1244.7906908469959,230.4886114323222,-1925.4759812107964,87438.1128040045,-93768.7244260246,34455.836945183626,324.76978500501536,-24.86036266553145,180.0,-172.6059913574017,106.79074748670598,-59.124867747487144,0.0015962232601233518,0.0023437540187722,0.0014150969674635,0.0002056871511251449,0.0015448065147957001,0.09023508562374322,0.0902350856237432,0.0902350856237432,1.401318406583644e-17,0.0902350856237432,0.23329159133799446,0.2332915913379944,0.2332915913379944,5.605273626334576e-17,0.2332915913379944,0.44334769779739447,0.4433476977973943,0.4433476977973943,1.6815820879003726e-16,0.4433476977973943,0.14285714285714277,0.1428571428571428,0.1428571428571428,2.802636813167288e-17,0.1428571428571428,42.34995703594921,42.34995703594923,42.34995703594923,2.152425072512477e-14,42.34995703594923,24635.0,24635.0,24635.0,0.0,24635.0,52,52,1,0.0,0,1.0,52,0.8269230769230769,0.17307692307692307,0.0,0.0,1.0,0.0,0.0,0.0,160,253,325.9807692307692,164.90384615384616,42.763137132767724,47.43757905380154,916.8568703384185,4195.384368565055,0.019230769230769232,116.71194888092298,336.03751102542185
merodeo_34_procesado,merodeo,12.041531642532686,404.5553114223072,0.0,27.61047656459311,2.0,301.03829106331705,10113.88278555768,0.0,690.2619141148277,50.0,-28.040399465207887,238704.93401521107,-228536.2567154711,19993.977086526716,0.0,5.621717347126531,180.0,-179.13194855025446,93.61804753403491,0.0,0.004265444626560706,0.0087710843061524,0.0005779255474263,0.0014804075776640737,0.0044723086397192,0.03693853203110659,0.2946825594055314,0.0,0.055518032244839616,0.0178973230035405,0.021468642434826126,0.7936215801361659,-0.2367643096920424,0.3473706051892202,-0.1329786116784537,0.5560930514798297,0.7854460614153549,0.0,0.148368489298198,0.5844722450312283,0.3544740355561802,0.5,0.0,0.2239197558267597,0.5,11.018903014117994,140.2886794443761,0.0,25.252205909739654,8.107707866745884,3379.7329773030706,35878.0,0.0,6364.964264657599,2709.5,749,444,29,0.03204272363150868,24,0.774365821094793,580,0.1375166889185581,0.8624833110814419,0.0,0.8264352469959947,0.012016021361815754,0.05874499332443257,0.0,0.102803738317757,390,243,457.4299065420561,221.97596795727637,44.17565766427782,23.086838143964254,262.77023629356535,9548.197360608443,0.22429906542056074,115.19917432779086,356.0548137709625
merodeo_37_procesado,merodeo,66.56833992489037,326.3816784073518,0.0,75.18880434241704,26.90724809414742,1664.2084981222592,8159.541960183795,0.0,1879.720108560426,672.6812023536855,40.63981889560216,191667.9080855558,-193113.91097298963,47000.562029872766,0.0,20.087620735194456,180.0,-179.75088948484708,100.88430330302218,0.0,0.003546259752221333,0.0113289285837522,0.0006940374241235,0.0015248929927740775,0.003562234626933,0.018585313866263543,0.9999996666667778,0.0,0.07298297504828283,0.0016018959241016,0.43946654112135863,0.9211228527710638,-0.4033260913477119,0.2357659162669265,0.4617116293201148,0.6597123823285032,0.8917615869678442,0.0,0.11606755995307466,0.6700472158983484,0.22007868268887584,0.5,0.0,0.2413240165012321,0.0169491525423728,20.33179198168412,85.4694407734276,0.0,22.916526362968458,3.5590725384564266,27172.598654147107,58953.5,0.0,18651.76673949102,21844.5,15975,9288,269,0.010453834115805947,167,0.5106729264475743,8158,0.7526134585289515,0.19342723004694837,0.053959311424100154,0.8904538341158059,0.023411580594679186,0.017965571205007826,0.002566510172143975,0.06560250391236307,502,313,344.8843192488263,197.23017214397495,78.69355031082019,49.07878842441127,1014.5368901800126,7724.556438919585,0.11655712050078247,132.7628556873932,357.5104470780009
merodeo_38_procesado,merodeo,138.3853062036551,451.3501966322824,0.0,160.7865233025791,24.698178070456937,3459.6326550913773,11283.75491580706,0.0,4019.6630825644775,617.4544517614235,90.95355507936523,282093.87289517646,-282093.87289517646,101116.5701508246,0.0,-13.28180086532163,180.0,-179.1574757392596,91.81014752800864,0.0,0.005132087422813952,0.0148045992664217,0.0010019369322582,0.0018838193642942663,0.0048550912590521,0.0078963351529529,0.999999000001,0.0,0.052426554544546485,0.001961773439801,0.5318821266105656,1.0,-0.496281144273619,0.2919655773158078,0.5365304881224517,0.6588372065608068,0.7623959050171583,0.0,0.0646445814219109,0.6634803618649331,0.17275951112130364,0.5,0.0,0.23503644445085053,0.0,51.387471770381076,183.69719104793015,0.0,74.64637979450565,0.0,34649.694059525245,78206.5,0.0,24296.39014685637,27036.0,8299,3232,51,0.01482106277864803,123,0.3604048680563923,2991,0.950234968068442,0.04229425231955657,0.007470779612001446,0.7974454753584769,0.003976382696710447,0.005542836486323654,0.002530425352452103,0.19050488010603686,494,265,331.91914688516687,218.12085793469092,171.95566753229232,49.61905711573095,2182.1687993212,11283.75491580706,0.31594167972044823,113.76404343984191,358.02506598911805
merodeo_42_procesado,merodeo,84.30001930970832,305.4995908344232,0.0,64.5552353470887,102.08329931972224,2107.5004827427083,7637.48977086058,0.0,1613.8808836772173,2552.082482993056,17.04442643700337,190312.2442715145,-190937.2442715145,41297.07838003946,0.0,-1.7249543555075353,180.0,-179.70916097764947,100.35966093945895,0.0,0.0039499241922613245,0.0089504487934471,0.0005878473247686,0.0013520103443396686,0.0040394163716622,0.026762067426736383,0.9999992928937188,0.0,0.12435699378313092,5.7326727493733725e-06,0.40107099046248845,1.0,-0.7959212840703291,0.20874752870521376,0.4079199412039016,0.6543851674821349,0.7655552794016387,0.0,0.08746051807797789,0.6757474494780337,0.005648430502726542,0.5,0.0,0.029975167906442852,0.0,1.440475805316097,42.62907927694428,0.0,7.0703128769104735,0.0,31082.326885880077,45097.0,0.0,11445.286399117596,35302.5,9823,2705,117,0.002646849231395704,26,0.055685635752825,547,0.8168583935661203,0.11076046014455869,0.07238114628932098,0.9607044691031253,0.006311717397943601,0.0131324442634633,0.011096406393158913,0.008754962842308867,414,314,193.4260409243612,81.2943092741525,69.31288711614778,55.098285177618685,1109.266190935389,7637.48977086058,0.1548406800366487,134.8414621858669,357.6304919357447
merodeo_44_procesado,merodeo,91.52346440195042,478.5279511167556,0.0,120.72028523381957,32.7566787083184,2288.0866100487606,11963.19877791889,0.0,3018.0071308454894,818.9169677079599,-18.12410927228667,298313.2252238746,-298795.10642746475,69690.61576228116,0.0,11.954572808241684,180.0,-179.85494770352838,91.53933371425182,0.0,0.004694125085142891,0.0120533854404826,0.0008151060155581,0.001987359360624101,0.0046593379051161,0.04875441736001646,0.9999996464467344,0.0,0.16446361539259508,0.0050647603429345,0.5025410928080438,1.0,-0.2332526309474367,0.20546277525245527,0.5171372572643198,0.661536134276832,0.9906634082018384,0.0,0.1393383335565862,0.7029796075481953,0.15708483078766097,0.5,0.0,0.21974611235357364,0.0,15.515580302372564,78.91892160393589,0.0,26.266793798406635,0.0,23548.706648697214,75611.5,0.0,26933.8501526658,14927.0,4452,2473,142,0.03009883198562444,134,0.3634321653189578,1618,0.5772686433063792,0.075696316262354,0.3470350404312669,0.7688679245283019,0.007412398921832884,0.031221922731356693,0.0220125786163522,0.17048517520215634,602,301,462.28661275831087,152.67969451931717,138.56383783719232,74.51418518236156,1393.1152075052225,11951.80425709859,0.2553908355795148,121.61551553762051,358.8308606720926
merodeo_47_procesado,merodeo,62.78497001900563,503.0516872052016,0.0,130.4275733453354,0.0,1569.6242504751406,12576.29218013004,0.0,3260.689333633384,0.0,-52.59435167757786,314407.304503251,-314407.304503251,65210.83731149137,0.0,14.734546687480357,180.0,-179.83197766783357,70.17090276080178,0.0,0.0030200949463384057,0.0089161449744789,0.0010500602224976,0.0013572762951877095,0.0023610871756343,0.06732794767873668,0.999999000001,0.0,0.15825744806125597,0.0011950165624536,0.1317846213205801,1.0,-0.5772472906019086,0.2940572657243628,0.0808509535301066,0.5876753051335115,0.9969742391082091,0.0,0.07794986366818488,0.5843202298941957,0.2907637719091694,0.5,0.0,0.2084813500755756,0.3333333333333333,25.85769610588416,155.2999992755956,0.0,38.695090523095395,18.49510295038233,22603.157202630005,44115.0,0.0,17528.03253084854,34249.0,3346,2792,21,0.0035863717872086074,12,0.9318589360430365,3118,0.9468021518230724,0.0484160191273162,0.004781829049611476,0.9799760908547519,0.0041841004184100415,0.0020920502092050207,0.0014943215780035865,0.012253436939629408,564,166,471.82187686790195,177.65212193664075,118.42987472882416,19.907191765448054,850.7594398278977,12576.29218013004,0.6153616258218769,64.79092986540115,353.5450353469952
merodeo_49_procesado,merodeo,18.77264180156793,85.7962703152066,0.0,31.71729646814096,1.0,469.3160450391983,2144.906757880165,0.0,792.932411703524,25.0,314.53414516886244,53622.66894700413,-53271.85584340009,14042.863279579129,0.0,37.23906255021052,180.0,-164.57783868126134,81.23136518363397,0.0,0.0016083915342113252,0.0025462908428589,0.0010389323197714,0.000588702467318482,0.0012920985804343,0.23953024151631444,0.6727272604958681,0.0,0.22609621573803582,0.2993850780172072,0.5139010711970923,0.9516487271761276,-0.4893443069035332,0.40590455042600954,0.6464474049000879,0.6211029711252247,0.8680243647561862,0.0,0.19850067615015352,0.5714285714285714,0.17548076923076922,0.5,0.0,0.21808290675282854,0.0,1.9663659388059531,7.409745001526998,0.0,2.767376708512028,0.0,167.90625,508.5,0.0,203.76292136941893,111.0,208,178,16,0.0,0,0.40865384615384615,85,0.9086538461538461,0.0,0.09134615384615384,0.44711538461538464,0.0,0.057692307692307696,0.0,0.4951923076923077,157,101,260.0048076923077,118.78846153846153,42.211967714385544,31.40315165478755,214.03926894979506,2144.906757880165,0.4423076923076923,90.82943604795086,292.59255523632737
merodeo_4_procesado,merodeo,18.498578365959165,99.08077512817508,0.0,37.00290985209513,0.0,462.46445914897913,2477.019378204377,0.0,925.0727463023782,0.0,251.77946548052168,60675.99917619615,-61262.75377421423,18777.997523022106,0.0,10.989768240998849,180.0,-153.434948822922,67.2300983507695,0.0,0.003030642590887931,0.005530651539566,0.0014190783614819,0.0013044524104046471,0.0020705354163125,0.11001548745426136,0.999999000001,0.0,0.22090735978876638,0.03207751665368,0.2584186775706961,1.0,-0.5497701173383391,0.544726572032742,0.2702549422362365,0.5914223288183198,0.7396116239254057,0.0,0.14217166718689403,0.5756908472613734,0.21468074409250879,0.5,0.0,0.2378922008804788,0.0555555555555555,9.072026791591918,29.918052138299377,0.0,12.075858978468927,0.3431742925123068,115.03393665158372,405.5,0.0,149.36151225489348,104.0,221,162,14,0.0,0,0.6063348416289592,134,0.9773755656108597,0.0,0.02262443438914027,0.6199095022624435,0.0,0.03619909502262444,0.049773755656108594,0.29411764705882354,138,102,404.71945701357464,138.92760180995475,39.617868233162035,42.20291037082629,262.4278683565436,2450.510150968569,0.5882352941176471,65.94479257289356,267.66269414087617
merodeo_51_procesado,merodeo,16.363297210693524,335.3445988829998,0.0,36.35750037527981,1.4142135623730951,409.08243026733805,8383.614972074995,0.0,908.9375093819953,35.35533905932738,41.20935802708231,203359.36368574708,-209590.3743018749,28405.705839024733,0.0,25.35552424831033,180.0,-178.7269699799433,92.16204313446886,0.0,0.002347320568152513,0.0049139209569923,0.0013657261811155,0.0008518737937211007,0.0017873567431721,0.09999754680334945,0.999999683772334,0.0,0.1271171476243885,0.1110910120552741,0.06615001846434111,0.8548119482074646,-0.1043166419943504,0.29379177554309294,-0.0512225661765823,0.5815486698963485,0.8991016874448144,0.0,0.1261880369112153,0.5601182458014284,0.02656281928203229,0.25,0.0,0.053569096239295115,0.0217391304347826,14.635508676384429,145.52305204910303,0.0,34.06176765434372,8.20298048814508,5327.300279329609,13455.0,0.0,4056.1622733651907,2603.0,358,294,17,0.00558659217877095,2,0.5307262569832403,190,0.835195530726257,0.15921787709497207,0.00558659217877095,0.7960893854748603,0.061452513966480445,0.030726256983240222,0.013966480446927373,0.09776536312849161,436,170,335.4217877094972,208.9776536312849,55.24839022093971,18.628298495656495,440.13256989795235,8383.614972074995,0.2709497206703911,106.81644572922988,336.50143432404786
merodeo_53_procesado,merodeo,126.39374285382057,334.34862045475825,0.0,125.80775986362242,159.94941034775297,3159.843571345514,8358.715511368957,0.0,3145.1939965905603,3998.735258693824,-32.0041680256147,204270.8067737532,-208342.88778422392,85310.55519573297,0.0,45.402692150428855,180.0,-179.71352348972297,88.962414040436,0.0,0.0036424046891876207,0.006177949755102,0.0016424037792495,0.0009735459005136873,0.0040329736261623,0.0009630769275432685,0.9050297853271162,0.0,0.02913039247903386,1.683060397227912e-06,0.5491192676514735,0.7935978101662986,-0.5255244787442916,0.2512255912800951,0.613278385876983,0.6848852177107426,0.7602170617125155,0.0,0.10053801707500692,0.7034882309809248,0.0,0.0,0.0,0.0,0.0,0.0,0.0,0.0,0.0,0.0,13026.318436333471,13933.5,0.0,3038.26391369645,13933.5,4822,3224,73,0.0037328909166321027,18,0.0,0,0.00414765657403567,0.6665284114475322,0.3293239319784322,0.9749066777270842,0.0,0.019701368726669433,0.0010369141435089175,0.004355039402737453,335,166,444.0311074243053,232.3029863127333,117.63215046861927,18.159976923843473,1890.3844260627525,8333.715511368957,0.27664869348817916,118.73450255707137,358.7546357332317
merodeo_54_procesado,merodeo,16.587936663035183,145.86637720873168,0.0,30.14586352140069,2.0,414.69841657587943,3646.659430218292,0.0,753.6465880350171,50.0,-149.47481439948137,76203.87949441945,-88371.40078358256,15463.115916388715,0.0,4.820718251676615,180.0,-179.32596310201552,88.32019099692863,0.0,0.001299941549388611,0.0037346900593495,0.0006105152654693,0.0005175562566658988,0.0011570972168249,0.12061358962264569,0.9999995527866044,0.0,0.19236549086096816,0.0427650954200109,0.3681283516455664,0.9236707718065168,-0.2440008158362649,0.2553210674570377,0.4871355819464139,0.534034935815786,0.9642947964254528,0.0,0.21052270526442304,0.5687167041811,0.1685801960419028,0.5,0.0,0.20446984418406877,0.0909090909090909,11.51550084235164,42.46151173931924,0.0,15.146392534566086,1.9403074239429905,3304.2286652078774,19487.0,0.0,6078.734247121403,427.5,1371,1216,129,0.016046681254558718,22,0.6571845368344275,901,0.4442013129102845,0.5557986870897156,0.0,0.737417943107221,0.045951859956236324,0.11597374179431072,0.01312910284463895,0.087527352297593,166,198,193.38001458789205,145.3785557986871,42.128955768691576,30.99395431441666,271.2517290481658,3534.8560313433027,0.29321663019693656,105.12905480092012,355.64302499415373
merodeo_6_procesado,merodeo,69.17076025442165,330.55256768024054,0.0,106.56196377512254,3.1622776601683795,1729.2690063605419,8263.814192006013,0.0,2664.0490943780633,79.05694150420949,188.77345973319763,205970.35480015032,-189058.54201082076,63468.25179235509,0.0,-0.3734301261217237,180.0,-178.49256424122504,102.98055471471899,0.0,0.003135727843179105,0.0077878243984395,0.0010808076025753,0.0015394569462145085,0.0032143892948802,0.029863986961988154,0.999999000001,0.0,0.11336577439241882,0.0051897585735533,0.2559215747734602,0.570148109309366,0.0,0.10368246191015436,0.3051985758841877,0.5983715947331031,0.7508431480851153,0.0,0.1601838636296321,0.6292042812896861,0.19855967078189302,0.5,0.0,0.23850475700176024,0.0,12.00146688364576,94.00984975975577,0.0,21.663979528958603,0.0,8909.41769547325,14626.0,0.0,5810.314521306998,8396.5,486,336,31,0.03497942386831276,17,0.43415637860082307,211,0.8662551440329218,0.12757201646090535,0.006172839506172839,0.9074074074074074,0.0205761316872428,0.06172839506172839,0.0102880658436214,0.0,425,109,343.8991769547325,216.11522633744855,107.55118713892146,19.711817969954588,1220.3291852555387,8238.814192006013,0.23868312757201646,120.49970551623453,353.6598082540901
merodeo_8_procesado,merodeo,77.22634223802196,346.80253747629934,0.0,117.25870706043283,1.0,1930.658555950549,8670.063436907483,0.0,2931.4676765108206,25.0,18.37196710969794,216751.58592268708,-216751.58592268708,65773.1579275794,0.0,-11.92219063023754,180.0,-179.01223960036018,91.07760993272325,0.0,0.00261236410477433,0.0054430427062066,0.0010773160489426,0.0011540755309188003,0.0029356069847855,0.005221654431369593,0.9580285185792948,0.0,0.03815899839195967,6.440362989980621e-06,0.2834582241970502,0.8927304352569309,-0.922132037542839,0.35730617490979516,0.0458666340811776,0.625307471651523,0.9963735127771708,0.0,0.11872130957442109,0.6206841139937701,0.004531057779168157,0.5,0.0,0.020120667384733018,0.0,1.712808986909744,111.69673227091292,0.0,5.132837985055405,0.0,6707.321003829873,19658.0,0.0,3348.302131757909,6710.5,4961,3164,97,0.0036283007458173754,18,0.16468453940737754,817,0.005240878855069542,0.623059866962306,0.37169925418262445,0.772424914331788,0.0022172949002217295,0.02559967748437815,0.0010078613182826044,0.19875025196532958,344,176,206.44628099173553,233.83571860511992,122.6243542072077,19.581195259610546,1126.832894234287,8670.063436907483,0.3654505140092723,103.87251137253976,358.95837332399003
merodeo_9_procesado,merodeo,13.115218779548975,137.7679207943562,0.0,26.994567963950395,1.4142135623730951,327.8804694887244,3444.198019858905,0.0,674.8641990987599,35.35533905932738,83.32425831590429,86104.95049647262,-73444.75175468053,16642.66802301044,0.0,15.001636512132096,180.0,-178.69804732742114,87.71632366207298,0.0,0.0023932290157857336,0.0066396767603705,0.0016361177799453,0.0008926835135127173,0.0021340488646723,0.13404863057024544,0.9999997500000624,0.0,0.2099412921263628,0.0428147723884204,0.3084029714409426,0.8712192028878901,-0.4935027334700594,0.30291468208881034,0.4313259945252081,0.46715110955801836,0.9943213231460634,0.0,0.22532921729775288,0.5460952477003186,0.08237148554813571,0.5,0.0,0.12994674794173217,0.0,9.19639795519286,43.81323833131052,0.0,15.15668490860155,0.0,3647.5601291364005,20737.5,0.0,6907.437975948494,188.5,1239,1141,151,0.004842615012106538,6,0.5092816787732042,631,0.513317191283293,0.48184019370460046,0.004842615012106538,0.6698950766747377,0.08635996771589992,0.17191283292978207,0.020984665052461663,0.05084745762711865,169,237,445.2768361581921,147.90637610976594,43.5395206542596,35.44215451041103,300.6324769103513,3444.198019858905,0.3075060532687651,101.44317794311738,352.8749836510982
forcejeo_10_procesado,forcejeo,16.70858738447722,146.50938536489735,0.0,28.11571385744052,2.0,417.71468461193047,3662.734634122434,0.0,702.892846436013,50.0,-67.71775288953866,85318.36585306085,-55902.09527297506,18316.161031223146,0.0,5.440554220806809,180.0,-177.7974018382342,87.8249319111188,0.0,0.0022790576837296243,0.0063983357738378,0.0010360998530908,0.001227819920168206,0.0014731455212911,0.1553252866813074,0.8259584893322981,0.0,0.24310439192390215,0.0238440881366658,0.3010789464807164,0.7487854822213799,-0.3520406067036714,0.21934301006272866,0.2415864176112291,0.5918675804342338,0.9104325259868736,0.0,0.1354525476101815,0.6186930177963279,0.26418988648090813,0.5,0.0,0.18210312565194836,0.3333333333333333,16.864142623059987,64.5616696165261,0.0,14.628759073613512,24.462293536429875,3138.5897832817336,13859.5,0.0,2965.085614014487,4499.0,323,249,16,0.04643962848297214,15,0.7647058823529411,247,0.8699690402476781,0.12693498452012383,0.0030959752321981426,0.7863777089783281,0.13003095975232198,0.030959752321981424,0.02476780185758514,0.02786377708978328,205,124,211.31578947368422,248.55727554179566,56.888847422833216,27.608829850647012,382.9042547199897,3412.734634122434,0.33746130030959753,102.38971771064405,354.28940686250036
forcejeo_12_procesado,forcejeo,41.32863785454396,139.94641831786907,0.0,44.624309231172234,5.0,1033.2159463635992,3498.660457946726,0.0,1115.6077307793057,125.0,359.27546053386374,65242.93544131809,-85490.08791106293,22349.829419927963,0.0,19.43691757972992,180.0,-176.28471089457122,101.81835746069741,0.0,0.003090714166432806,0.0055923071433705,0.0016026148774452,0.001052136507354912,0.0036127698933175,0.14255369936997409,0.7905692173997905,0.0,0.21407187049093984,0.0133579479439636,0.5108699438409511,0.7245554775249675,0.0,0.24673269202237005,0.7245554775249675,0.6692698930229255,0.805097384974997,0.0,0.1870485973956683,0.805097384974997,0.3198389622008499,0.5,0.0,0.23655965313363733,0.5,7.240649239723016,18.212701044568952,0.0,5.7491320771747265,9.12889094553195,3112.342205323194,5893.0,0.0,2487.162321014555,5267.0,263,179,14,0.015209125475285171,4,0.7034220532319392,185,0.5627376425855514,0.4372623574144487,0.0,0.2965779467680608,0.1596958174904943,0.03802281368821293,0.0,0.5057034220532319,140,113,331.73384030418254,265.51330798479086,41.590027835389165,20.19954872729742,437.7058108704135,3498.660457946726,0.21673003802281368,132.6886719051629,352.6004053401129
forcejeo_1_procesado,forcejeo,3.72599591789666,313.8821434870101,0.0,15.283508030563626,1.0,93.1498979474165,7847.053587175253,0.0,382.0877007640906,25.0,-2.38026501324462,102191.217851509,-112006.0656996946,8236.988421965774,0.0,14.815654156781154,180.0,-178.90530940814696,82.23296579648519,0.0,0.0016244289595679165,0.0050917288557872,0.0010533291721753,0.0006008388533994259,0.0014488013654925,0.18626838622307196,0.999999000001,0.0,0.21531888670812838,0.078597884138824,0.3873716081360797,0.8428816726193524,-0.7371841129156267,0.23626175835311486,0.4577484089509092,0.4893272426333794,0.7841387941165222,0.0,0.15264171370938875,0.5359097800807187,0.13215818197025578,0.5,0.0,0.18631648758651304,0.0526315789473684,9.545534488961794,40.78332177716837,0.0,14.251285566073204,1.2422599874998832,2359.678270042194,37897.0,0.0,8199.17755558397,45.0,1896,1768,137,0.006856540084388186,13,0.7389240506329114,1401,0.7600210970464135,0.23681434599156118,0.0031645569620253164,0.6756329113924051,0.19462025316455697,0.08069620253164557,0.022151898734177215,0.02689873417721519,426,208,219.44040084388186,239.1555907172996,26.920848168639164,42.22446052174872,82.72442113515793,4480.242627987784,0.35654008438818563,92.26630511425572,353.6598082540901
forcejeo_20_procesado,forcejeo,17.48319585073955,173.5885940953495,0.0,38.691854428880454,0.0,437.07989626848877,4339.714852383738,0.0,967.2963607220114,0.0,234.99382272281818,89600.41216309294,-108240.54519910736,19385.31431333124,0.0,-2.4938225061361576,180.0,-176.30861401354872,71.32451543339445,0.0,0.002218549422942386,0.0054344553278213,0.0011009685871582,0.0014011571351021607,0.0015819642689867,0.09341817412432993,0.999999000001,0.0,0.20785310458410847,0.0143032181224165,0.2924642463825261,0.6998749684509478,0.0,0.142363306831028,0.2342207594093351,0.566336922610662,0.8214379734263448,0.0,0.07093682798336157,0.5745424092027634,0.41408257666609555,0.5,0.0,0.1839571368946546,0.5,33.10110805922327,40.03338134781063,0.0,14.35577258571631,40.03338134781063,7339.733853006682,8918.0,0.0,3165.9143572611265,8918.0,449,382,7,0.0,0,0.9354120267260579,420,0.8730512249443207,0.12694877505567928,0.0,0.8752783964365256,0.0779510022271715,0.0066815144766146995,0.0400890868596882,0.0,405,154,300.5902004454343,182.7772828507795,73.36772288204965,38.64033237888386,284.253683056178,4329.621807964294,0.5077951002227171,78.51704735683468,356.3086140135487
forcejeo_21_procesado,forcejeo,36.14632627710434,347.1743078051716,0.0,61.39916049701535,0.0,903.6581569276085,8679.357695129289,0.0,1534.9790124253836,0.0,30.793475174258933,198007.65452375825,-198007.65452375825,36003.95825972714,0.0,23.12544940997745,180.0,-176.98721249581666,71.15312273471294,0.0,0.0021016637800318877,0.0099308239108047,0.0008243557579138,0.0009581132339250757,0.0020065588897696,0.015601954137465046,0.999999000001,0.0,0.09012472146501818,0.0004933947014695,-0.23174712787995322,1.0,-1.8979733597360744,1.0383794521540162,0.2439498913252619,0.6034026099624058,0.886978911907028,0.0,0.09725389130307342,0.6112505491615634,0.10610136452241717,0.5,0.0,0.19496147465700575,0.0,14.408534789787367,69.77295321254505,0.0,25.880940480520117,0.0,2889.669398496241,15552.0,0.0,3735.5827829729287,1579.5,6650,4186,91,0.10451127819548872,695,0.26300751879699247,1749,0.3458646616541353,0.12917293233082708,0.5249624060150376,0.7899248120300751,0.008571428571428572,0.013984962406015038,0.005263157894736842,0.18225563909774437,407,221,237.6148872180451,67.61353383458646,54.42856281694525,38.11116159321165,610.8308937626757,7920.30618095033,0.5309774436090225,75.65743869325036,355.2363583092738
forcejeo_23_procesado,forcejeo,24.755979401362,306.6153942645411,0.0,51.10628727308099,1.4142135623730951,618.89948503405,7665.384856613528,0.0,1277.6571818270245,35.35533905932738,-3.233680068956039,190237.07892940083,-187110.011089733,26367.190338554898,0.0,31.119392231441225,180.0,-177.27368900609375,94.37884324705009,0.0,0.0024281318964594063,0.0088765097595591,0.0006106078262176,0.001428956526368854,0.001654528462685,0.1009857656557729,0.653133306121006,0.0,0.10292410987857145,0.1745336328741671,0.1434258546543382,0.5115317251189242,-0.0353766422513199,0.188427051355623,0.0,0.5646917443961063,0.6514067090307206,0.0,0.09883982992840533,0.5137762882913094,0.24614302112635003,0.5,0.0,0.23824872696539032,0.0144927536231884,61.080612676645224,132.92336598389988,0.0,21.926994181690784,43.98257437340618,28606.774893817837,36443.5,0.0,7837.057460766398,22558.0,2119,1665,26,0.059933931099575274,127,0.9886739027843322,2095,0.7881075979235489,0.13025011798017933,0.08164228409627183,0.9462010382255781,0.04247286455875413,0.011326097215667769,0.0,0.0,560,202,318.9712128362435,156.79990561585655,100.53991931006283,30.211320255295806,343.3715489783358,7609.483157176033,0.2340726757904672,108.07162926713467,346.5347919051883
forcejeo_26_procesado,forcejeo,164.1021873574057,575.8089961089528,0.0,111.1349104811753,154.11683879446787,4102.554683935143,14395.22490272382,0.0,2778.372762029382,3852.920969861697,16.950929118424906,320693.82789508125,-298470.0261574044,86944.72775144306,0.0,-29.25369211515598,180.0,-179.74980167980246,108.7456586036158,0.0,0.008367563862820507,0.0194876578199184,0.0009181406007055,0.0026365113522580246,0.0083491145032062,0.003989914431597676,0.999999000001,0.0,0.03433945895246196,0.0001965802649868,0.4805741870359199,0.8847080614646357,-1.157738519130779,0.22784087952256193,0.5121895507606864,0.669246554782698,0.7833850313199777,0.0,0.05964990052678027,0.6732774507233665,0.0037567557128298365,0.3333333333333333,0.0,0.025054889761455958,0.0,0.2962565544160283,59.82423721124452,0.0,3.7503074975357547,0.0,88370.0289823423,116805.0,0.0,34769.214899425584,98859.0,16027,3349,91,0.006426655019654334,103,0.025831409496474698,414,0.4201659699257503,0.2361015785861359,0.3437324514881138,0.988207400012479,0.0011854994696449742,0.006613839146440382,0.0006239470892868285,0.0033693142821488737,589,305,334.0058651026393,122.03144693330006,140.11651242921945,49.732958516280526,2629.730730767132,12827.75311580325,0.04710800524115555,145.93042435299367,359.49297093908524
forcejeo_28_procesado,forcejeo,4.511096704165139,206.3128692059708,0.0,18.314984508753774,1.0,112.77741760412849,5157.82173014927,0.0,457.8746127188444,25.0,-13.720161101550133,99103.20644240496,-120820.54325373174,10204.090959354402,0.0,16.36381583249262,180.0,-171.15818543980834,83.22064979645769,0.0,0.0022624495210361857,0.0061360347160005,0.001299251840318,0.0006092417066354637,0.002112043565203,0.19740980987210524,0.9999997500000624,0.0,0.2317330789558054,0.1451455505271176,0.22598172767075736,1.0,-1.7301073278790473,0.4924243016722141,0.3750787249359986,0.46220037574437356,0.995702697140393,0.0,0.18422929439733376,0.5199477957430177,0.05170694399267691,0.5,0.0,0.08799036839999452,0.0093457943925233,7.230368176345874,38.31292275035829,0.0,10.583557860962635,2.7831327795413405,2673.6600234466587,35491.0,0.0,8919.075681904418,65.5,1706,1642,171,0.0017584994138335288,3,0.6318874560375146,1078,0.7139507620164126,0.2842907385697538,0.0017584994138335288,0.5205158264947245,0.31535756154747946,0.1201641266119578,0.029308323563892145,0.014654161781946073,351,320,419.3388042203986,236.71805392731537,31.11002300662117,42.851810283102694,104.46173001976716,4832.82173014927,0.3528722157092614,91.2116493620424,341.565051177078
forcejeo_29_procesado,forcejeo,20.759731203454503,133.88054376943649,0.0,30.18917719612377,2.8284271247461903,518.9932800863626,3347.013594235912,0.0,754.7294299030942,70.71067811865476,-1.7231114242119445,62388.6068984898,-60379.65820539232,18860.752330513053,0.0,12.707189520733063,180.0,-178.02506598911802,85.64344636116141,0.0,0.003163897790218511,0.0078676181294429,0.0019077730346217,0.0014491994733506867,0.00249889770796085,0.15974187610778137,0.9999998571428776,0.0,0.2860919632750755,0.0210494167347118,0.3754625699722708,0.8547284696427742,-0.012943465262001,0.2094483860492551,0.4587334997693733,0.5667387401744685,0.6687936683144758,0.0,0.14419605513326172,0.6096902285365062,0.04906105990783409,0.2,0.0,0.0766094735241843,0.0,7.354316768911629,64.60611903901943,0.0,15.365036238270758,0.0,3720.7451612903224,14103.0,0.0,3565.7346453515934,1654.5,310,245,15,0.04516129032258064,14,0.34838709677419355,108,0.8903225806451613,0.0967741935483871,0.012903225806451613,0.7483870967741936,0.12258064516129032,0.035483870967741936,0.07419354838709677,0.01935483870967742,205,130,425.89677419354837,247.24516129032259,53.7416418360139,28.232241188586773,414.0553391610348,2495.544275939592,0.3193548387096774,102.38065757964279,330.25511870305775
forcejeo_2_procesado,forcejeo,47.45916995158944,286.2254356272342,0.0,53.24027426259099,25.317977802344327,1186.479248789736,7155.635890680856,0.0,1331.0068565647746,632.9494450586081,311.9749375903046,175140.89726702138,-134602.90704316026,31472.37445558781,0.0,6.555466989898846,180.0,-179.63035493815298,94.4916464157848,0.0,0.0038960824743493844,0.0113151525679916,0.0008954236048905,0.001986429409861973,0.0034125449780257,0.07807436840973604,0.99999950000025,0.0,0.18344556536964335,0.011917199775112,0.43403228060569926,1.0,-0.5540990966641033,0.2874300586580802,0.4726274240032404,0.5822022505238799,0.9539379033989104,0.0,0.25273519069771344,0.6840697659061391,0.07282459626336021,0.5,0.0,0.14924762604080918,0.0,7.788733470291657,63.08432969495059,0.0,16.830703172794696,0.0,7822.9633554441025,66498.0,0.0,13383.266903165582,4307.0,6181,3295,685,0.016016825756350106,99,0.24316453648276978,1503,0.7171978644232325,0.2779485520142372,0.004853583562530335,0.5877689694224235,0.02653292347516583,0.1405921371946287,0.027503640187671898,0.21760232972011,460,281,293.9915871218249,206.1899369034137,57.497299166244986,45.94187444500159,745.7404830298984,7005.635890680856,0.23831095292023943,116.5894496654574,358.0021201435233
forcejeo_31_procesado,forcejeo,43.83653751904211,108.70602559196064,0.0,44.61662194793794,14.0178344238091,1095.913437976053,2717.650639799016,0.0,1115.4155486984484,350.4458605952275,384.78223920528313,65192.024052026485,-65147.06919731693,28771.98970432571,0.0,-2.6943527250747015,180.0,-178.54978370906656,97.92769486568272,0.0,0.0031059626575961202,0.0055843180946163,0.0014947767957222,0.0011174269610903574,0.0034448189197604003,0.055714146096603974,0.5070069675368434,0.0,0.08522164706359014,0.0165074058282272,0.6432243533331404,0.8239883707084811,0.0,0.15671777840871612,0.682075281036985,0.6749122501890504,0.758486281023267,0.0,0.12942374306393606,0.7255537857983548,0.0,0.0,0.0,0.0,0.0,0.0,0.0,0.0,0.0,0.0,1787.1017241379311,2618.0,0.0,941.4228863986043,2060.5,290,191,11,0.020689655172413793,6,0.1,29,0.6137931034482759,0.38620689655172413,0.0,0.5241379310344828,0.0,0.02413793103448276,0.0,0.4517241379310345,127,89,309.86551724137934,266.7,39.98804990925019,18.52062349948534,668.2797227038178,2607.6809620810595,0.21724137931034482,121.89652795498904,355.6012946450045
forcejeo_39_procesado,forcejeo,52.03111582363762,264.8811054039151,0.0,55.43253309035202,39.395431207184416,1300.7778955909405,6622.0276350978775,0.0,1385.8133272588004,984.8857801796104,283.27296270132933,141891.32433901232,-156732.39814833974,33159.356216534565,0.0,5.975914676312447,180.0,-179.40319054877082,96.67968400618591,0.0,0.004530012825337944,0.012173251050295,0.0004225255400934,0.002333764078528783,0.0040952809937205,0.06673651402166134,0.9999997642977948,0.0,0.16010189992110074,0.010754821013345,0.45156021884992653,1.0,-0.6248071948948253,0.279919466823213,0.5431162583455571,0.5924464587830777,1.0,0.0,0.239807736962085,0.6789392834039447,0.03208255338515859,0.5,0.0,0.11175988644328592,0.0,4.55430342094643,110.30031731595336,0.0,14.491883053081246,0.0,9634.80985047017,77326.5,0.0,15214.96211167981,5527.5,6487,3356,665,0.01896099892091876,123,0.11099121319562201,720,0.6890704485894866,0.3078464621550794,0.0030830892554339446,0.637428703560968,0.018652689995375366,0.12579004162170496,0.01603206412825651,0.20209650069369509,452,280,343.94234623092336,204.00477878834593,58.946719694952556,46.59277141149823,817.3335183156629,6325.444648402197,0.21597040234314782,121.46701640184781,357.0891621738323
forcejeo_3_procesado,forcejeo,56.716975335308206,269.2582403567252,0.0,76.23838813426153,5.0,1417.9243833827052,6731.45600891813,0.0,1905.9597033565383,125.0,-59.13711494468741,164789.57547825758,-168286.40022295323,43393.57112757381,0.0,12.051065996318412,180.0,-175.6012946450045,83.41282029880786,0.0,0.0034572227241497196,0.0082900610968504,0.0013022641656838,0.0013437256493685698,0.0032454131264635,0.03676678464725738,0.6065573671056169,0.0,0.06848116294263396,0.0006467976418638,0.43153130601560685,0.9318237432817869,0.0,0.20881614995653777,0.5794261104935268,0.6339597368693641,0.872784283147385,0.0,0.0892107269847586,0.6904291119004398,0.4176101428995463,0.5,0.0,0.13024146419500685,0.5,51.0947083326267,66.57356832857917,0.0,17.65755348434294,63.13834975601765,36822.5195903829,54532.0,0.0,23031.42195747596,54532.0,1123,517,10,0.024933214603739984,28,0.9590382902938558,1077,0.3410507569011576,0.6518254674977738,0.007123775601068566,0.9857524487978628,0.0026714158504007124,0.0026714158504007124,0.0,0.008904719501335707,290,269,277.89581478183436,141.73285841495994,53.306522982187765,66.6557780158007,866.7746641405407,6731.45600891813,0.3232413178984862,106.20596542033235,353.6598082540901
forcejeo_40_procesado,forcejeo,180.89158577133037,406.6509559806788,0.0,144.54441151597533,279.06450867138227,4522.289644283259,10166.273899516971,0.0,3613.6102878993825,6976.612716784557,-26.552680239609774,252945.1521575379,-254156.84748792427,95882.49421353637,0.0,26.00531455298729,180.0,-179.3947854027552,102.18742439158868,0.0,0.002422394554611392,0.0051136166224546,0.0009285050253128,0.0006453718167678043,0.0026552142859622,0.011306448047341502,0.5936128223346935,0.0,0.05761944438279446,0.002993823056167,0.7263996388156675,0.7994678430536222,0.0,0.14324003655425732,0.7994678430536222,0.7395943763246229,0.7857538777349204,0.0,0.12013885622115693,0.7857538777349204,0.3613782051282051,0.5,0.0,0.22399844768290136,0.5,8.17505286572085,11.310937889600469,0.0,5.067265058216435,11.310937889600469,15686.995192307691,19157.0,0.0,5729.139681308034,19157.0,624,384,7,0.0,0,0.7227564102564102,451,0.4823717948717949,0.5176282051282052,0.0,0.2564102564102564,0.0,0.020833333333333332,0.0,0.7227564102564102,407,110,212.50480769230768,204.96955128205127,147.39803171050113,12.292738951835588,1960.1903559441982,10166.273899516971,0.23717948717948717,127.65085531294037,269.26547896574516
forcejeo_41_procesado,forcejeo,48.22880900780944,277.4058398808504,0.0,68.43819217475895,1.0,1205.7202251952363,6935.14599702126,0.0,1710.9548043689742,25.0,93.56670554012331,144758.68929014244,-107401.8447234497,40340.284275636615,0.0,-9.014481094729451,180.0,-175.6012946450045,75.70299681892509,0.0,0.0035143918050932637,0.0102173498474046,0.001430877089759,0.0015581709429121895,0.0038656086709016,0.011932929857009616,0.6883514859519394,0.0,0.05464296435416836,0.0025972246326874,0.09434288071117289,1.0,-2.301719608116461,0.8639172496897257,0.2839555106377993,0.6229735417874962,0.8561287228249007,0.0,0.09780954867486795,0.6406000581462514,0.09305771733886749,0.5,0.0,0.1936340667974874,0.0,6.911315750302397,64.76066454908802,0.0,14.38054620318675,0.0,2409.1393579796136,14953.0,0.0,1853.2246369047684,1962.5,6573,4119,81,0.047314772554389165,311,0.20112581773923627,1322,0.678381256656017,0.18956336528221512,0.13205537806176784,0.6024646280237335,0.0,0.013692377909630305,0.0,0.38384299406663624,411,245,412.78366042902786,73.50829149551194,56.90817630446233,41.28411423992026,741.4083624469673,5790.347571605697,0.4958162178609463,84.64949827151415,333.434948822922
forcejeo_43_procesado,forcejeo,10.876596090605574,228.4425529536912,0.0,35.13125635056602,1.0,271.91490226513935,5711.06382384228,0.0,878.2814087641506,25.0,6.410107419920367,142000.220070252,-142151.59559605698,18401.24991857134,0.0,24.124023543754873,180.0,-174.28940686250036,94.03602028509782,0.0,0.0021249016964063404,0.0066941238022666,0.0011163207944522,0.0009580188672601656,0.0017828770725611,0.060850026307479876,0.8638491926448909,0.0,0.1175494812186389,0.04650952804702,0.3338001195373195,0.7641878158835408,-0.1364035627379165,0.12345735637287648,0.4014968470373281,0.5220178515753909,0.5535073637925769,0.0,0.056044329508601234,0.5155552003324141,0.1980224939802266,0.5,0.0,0.24158321059022012,0.0035587188612099,39.08139195594659,63.31887487140854,0.0,21.537961437188105,24.66878006562081,14152.152498712005,28631.0,0.0,11813.541630392674,4685.5,1941,1667,18,0.08140133951571354,158,0.9804224626481195,1903,0.7619783616692427,0.16177228232869656,0.0762493560020608,0.9175682637815559,0.05358062854198867,0.0061823802163833074,0.002575991756826378,0.02009273570324575,549,158,337.85986604842867,164.67233384853168,87.6457898365034,22.656894041142987,189.60048711273387,5686.06382384228,0.26120556414219476,100.26750858976854,352.8749836510982
forcejeo_48_procesado,forcejeo,98.24782593326758,279.0788419067271,0.0,67.72109458102948,107.5174404457249,2456.1956483316894,6976.971047668178,0.0,1693.0273645257369,2687.9360111431224,20.715017436990905,131744.60377943382,-150707.9647032631,48053.423320422575,0.0,18.851585168144002,180.0,-178.18169703554818,91.8619737335589,0.0,0.004528741645702404,0.0093456871138093,0.0015805406238615,0.001569067460016377,0.0050550395190634,0.005480949251075227,0.0379647764621879,0.0,0.013040055328034473,0.0002514495761263,0.43349718496840245,0.4860156067343584,0.0,0.1293577619427903,0.4860156067343584,0.7038722576832991,0.7263419640963115,0.0,0.06424148732549413,0.7263419640963115,0.06934306569343066,0.5,0.0,0.17287947129001746,0.0,2.452452022634581,17.68346984741777,0.0,6.114217835589098,0.0,38886.83941605839,44415.0,0.0,13601.824179137366,44415.0,1233,549,5,0.0202757502027575,25,0.1386861313868613,171,0.28872668288726683,0.656934306569343,0.054339010543390104,0.9967558799675588,0.0,0.0032441200324412004,0.0,0.0,286,275,367.5571776155718,133.61070559610707,48.02865604114474,69.58372945436098,1289.3890182974967,6028.318588130524,0.13706407137064072,132.60449407817484,356.18592516570965
forcejeo_4_procesado,forcejeo,218.90882709414737,499.85297838464464,0.0,187.33286535960158,323.0108357315587,5472.720677353685,12496.324459616117,0.0,4683.321633990039,8075.270893288967,-6.670572126251782,312408.1114904029,-312408.1114904029,121756.45018722177,0.0,-19.160278680462273,180.0,-179.20867214938974,96.42111243715253,0.0,0.0027121721983737602,0.0103939055887041,0.0007546718440852,0.0013735673011100087,0.0029192480480445,0.01495006324417095,0.5570703912996011,0.0,0.06773527838671418,0.0017423943794809,0.6934516987418847,1.0,-0.4416252808582566,0.19229633138885482,0.7833144603205473,0.7040719166524897,0.75814326081476,0.0,0.14138290485193136,0.75814326081476,0.3271950894048572,0.5,0.0,0.23700367890082194,0.5,25.1592817418712,38.19511971456775,0.0,17.95905957388299,38.19511971456775,49721.928742994394,55484.0,0.0,14153.382878236682,55484.0,1249,764,25,0.0,0,0.6693354683746997,836,0.9319455564451561,0.05604483586869496,0.01200960768614892,0.2746196957566053,0.0344275420336269,0.02802241793434748,0.0,0.6629303442754203,499,287,262.8174539631705,160.24579663730984,178.8740970956436,51.4360720074109,2563.7399088461534,12496.324459616117,0.2962369895916733,117.62706031262948,353.49196490607324
forcejeo_50_procesado,forcejeo,31.306255407868438,391.6950344336777,0.0,64.6437132079412,3.1622776601683795,782.6563851967109,9792.375860841945,0.0,1616.09283019853,79.05694150420949,270.9464666735253,235478.7994840499,-227738.771166364,39420.15332286944,0.0,14.564957223639649,180.0,-179.10482628978895,93.39125267404769,0.0,0.0022050927748520147,0.0078026307830393,0.0007961777920071,0.0008942651081347381,0.0019708398001292,0.16162814551104598,0.9642175130097184,0.0,0.2499957494820465,0.0115378985025071,0.3242811250782573,0.9550151996487852,-0.4162468525936278,0.3028758685103843,0.4782939581203467,0.41775001756745206,0.9973222499283864,0.0,0.25209421151450107,0.5462730158908568,0.04059551886792453,0.3333333333333333,0.0,0.08578432959869699,0.0,2.869719323442967,33.98385416267555,0.0,7.25921254739965,0.0,22270.174528301886,87755.5,0.0,37953.01584633242,161.5,848,774,161,0.012971698113207548,11,0.23231132075471697,197,0.8018867924528302,0.045990566037735846,0.15212264150943397,0.4681603773584906,0.1650943396226415,0.23820754716981132,0.04834905660377359,0.08018867924528301,404,273,383.3573113207547,185.4115566037736,78.3841592937093,47.59980959385294,725.2340365837608,9419.151979361995,0.25235849056603776,100.88126091680692,358.7811247648687
forcejeo_52_procesado,forcejeo,28.67593036439636,217.97476918212345,0.0,57.11481283798516,1.0,716.8982591099088,5449.369229553086,0.0,1427.8703209496289,25.0,-80.0578568476564,136234.23073882717,-136234.23073882717,31958.365586820364,0.0,27.77442280269741,180.0,-149.03624346792648,76.90733665424978,0.0,0.0020898423248103446,0.004921898902912,0.001389566891804,0.0008376386847135702,0.0015916988680964,0.022726213550405425,0.8993582805405363,0.0,0.12190819292144027,0.001935719672166,-0.18279838579914218,0.5865376234629749,-0.2631276957330146,0.23623473271748896,-0.2631276957330146,0.5639451082514666,0.5766992833738525,0.0,0.07868736700810124,0.5766992833738525,0.44216417910447764,0.5,0.0,0.16021456558835226,0.5,26.77576685736065,30.27808235347111,0.0,9.701979622219456,30.27808235347111,1931.6716417910447,5365.5,0.0,1052.1247320076473,1707.5,268,225,5,0.0,0,0.8843283582089553,237,0.27238805970149255,0.7276119402985075,0.0,0.9626865671641791,0.0,0.018656716417910446,0.018656716417910446,0.0,208,128,341.19776119402985,103.51119402985074,38.03903566955069,35.37487663153462,513.0016127867078,5449.369229553086,0.40298507462686567,86.79301128556713,296.565051177078
forcejeo_5_procesado,forcejeo,22.383103579143935,396.1275047254356,0.0,50.851023886577295,2.23606797749979,559.5775894785984,9903.18761813589,0.0,1271.2755971644324,55.90169943749474,369.51965398856214,238207.05454144985,-224231.62968207625,31555.513157019188,0.0,13.639292549155254,180.0,-177.51044707800085,92.28049260659883,0.0,0.0017800846950144905,0.004943654476668,0.000515178357107,0.0007710491402223989,0.001560213653241,0.15848382013744391,0.9601910345571394,0.0,0.23836447244094508,0.0388863545855061,0.24827009838255124,0.9129254010603096,-0.4671987206418553,0.30013155093552707,0.3119899125969405,0.40822184138124706,0.9501805975206652,0.0,0.24448647919348854,0.5076560997431706,0.0446239441942172,0.5,0.0,0.08315532268068282,0.0,13.533685082087597,61.46032821621151,0.0,23.377155938487867,0.0,14157.110212335692,75922.5,0.0,29156.085302575168,255.5,989,877,177,0.005055611729019211,5,0.41253791708796766,408,0.8169868554095046,0.041456016177957536,0.14155712841253792,0.5217391304347826,0.1911021233569262,0.23356926188068755,0.01820020222446916,0.03538928210313448,409,258,265.1021233569262,186.3377148634985,78.20230101570387,43.9073740179646,522.3257592254112,9528.282181657994,0.26693629929221435,101.5494813880815,356.98721249581666
forcejeo_7_procesado,forcejeo,2.2676443541540916,81.00617260431454,0.0,6.470715606823181,1.0,56.691108853852285,2025.154315107864,0.0,161.76789017057953,25.0,-45.93028371539202,49744.9744012134,-50003.85787769659,4985.8319604739945,0.0,14.887497677814268,180.0,-179.29268063145577,84.56316969733997,0.0,0.0013817737324118033,0.002627840551543,0.0009418502783647,0.0003022567722014841,0.0013162496157546,0.08444429808490025,0.9504302232444142,0.0,0.2133058587872807,0.0275370179039441,0.5188683770053403,0.5624766548874548,0.0,0.060095486723068484,0.5235003092273007,0.5247895593745665,0.5368336178096744,0.0,0.06359801528236786,0.5368336178096744,0.04590517241379311,0.05,0.0,0.01373999656469573,0.05,3.8362746991296017,4.178477606563699,0.0,1.148245359196865,4.178477606563699,410.2241379310345,497.5,0.0,65.45856707553737,423.0,232,225,4,0.0,0,0.9181034482758621,213,0.1336206896551724,0.8663793103448276,0.0,0.9439655172413793,0.0,0.01293103448275862,0.04310344827586207,0.0,109,36,286.4741379310345,91.0646551724138,13.452472829470643,4.729949787133506,55.612203817060966,2000.154315107864,0.3922413793103448,90.84863026679425,359.29268063145577
