image,landmark,x,y,z,visibility
frame0.png,NOSE,543.4003448486328,440.45373916625977,-0.0089317811653018,0.9969313144683838
frame0.png,LEFT_EYE_INNER,548.3875274658203,433.4817123413086,-0.023716339841485023,0.9967149496078491
frame0.png,LEFT_EYE,548.2843017578125,434.0325736999512,-0.023888230323791504,0.9967413544654846
frame0.png,LEFT_EYE_OUTER,547.6779937744141,434.4755458831787,-0.023877622559666634,0.9970709085464478
frame0.png,RIGHT_EYE_INNER,553.1316375732422,433.8996648788452,-0.002468237653374672,0.9977449178695679
frame0.png,RIGHT_EYE,555.7399749755859,434.6729564666748,-0.0027462616562843323,0.9983495473861694
frame0.png,RIGHT_EYE_OUTER,558.3782958984375,435.92076301574707,-0.0027983919717371464,0.9985498785972595
frame0.png,LEFT_EAR,553.3222579956055,443.7374496459961,-0.06540735065937042,0.9990873336791992
frame0.png,RIGHT_EAR,567.2048187255859,447.58214950561523,0.03183704987168312,0.9983305335044861
frame0.png,MOUTH_LEFT,545.5030059814453,454.74480628967285,-0.01926060952246189,0.9976738095283508
frame0.png,MOUTH_RIGHT,548.28369140625,456.0915756225586,0.007002165075391531,0.9972398281097412
frame0.png,LEFT_SHOULDER,560.7601165771484,514.8824644088745,-0.12746822834014893,0.9992832541465759
frame0.png,RIGHT_SHOULDER,585.2788162231445,519.7000551223755,0.1077021136879921,0.9954908490180969
frame0.png,LEFT_ELBOW,587.3664093017578,584.889407157898,-0.2142142802476883,0.7334474325180054
frame0.png,RIGHT_ELBOW,607.1347045898438,600.1051712036133,0.15478983521461487,0.007481016218662262
frame0.png,LEFT_WRIST,564.5282745361328,598.8283538818359,-0.28476259112358093,0.3786959648132324
frame0.png,RIGHT_WRIST,584.5941925048828,614.9792432785034,0.1240432858467102,0.034561123698949814
frame0.png,LEFT_PINKY,559.0694427490234,604.0472888946533,-0.3161608874797821,0.47636833786964417
frame0.png,RIGHT_PINKY,585.8237457275391,619.2631387710571,0.1227138489484787,0.08688177168369293
frame0.png,LEFT_INDEX,558.315315246582,592.2740650177002,-0.3085178732872009,0.4868726432323456
frame0.png,RIGHT_INDEX,573.8488006591797,614.1710615158081,0.0995105504989624,0.10233023762702942
frame0.png,LEFT_THUMB,563.4689331054688,592.1104288101196,-0.28241822123527527,0.381455659866333
frame0.png,RIGHT_THUMB,571.582145690918,612.6364946365356,0.11222051084041595,0.09129402786493301
frame0.png,LEFT_HIP,625.9027862548828,697.7825117111206,-0.07360531389713287,0.9668992161750793
frame0.png,RIGHT_HIP,634.6053314208984,694.6493053436279,0.07347521185874939,0.9616789221763611
frame0.png,LEFT_KNEE,650.6252288818359,808.2263088226318,-0.10943599045276642,0.4551292955875397
frame0.png,RIGHT_KNEE,634.568977355957,800.6236839294434,0.0648256242275238,0.027179939672350883
frame0.png,LEFT_ANKLE,670.1803588867188,942.6861763000488,-0.03201725333929062,0.14921554923057556
frame0.png,RIGHT_ANKLE,642.1818542480469,924.5459461212158,0.14514417946338654,0.018788671121001244
frame0.png,LEFT_HEEL,683.7688446044922,961.6165637969971,-0.025892222300171852,0.17341719567775726
frame0.png,RIGHT_HEEL,648.6785888671875,941.881685256958,0.15185052156448364,0.03594955429434776
frame0.png,LEFT_FOOT_INDEX,640.4345703125,972.3043727874756,-0.07044990360736847,0.11616789549589157
frame0.png,RIGHT_FOOT_INDEX,626.057014465332,954.6245384216309,0.12438274919986725,0.023145221173763275
frame1.png,NOSE,541.1592483520508,432.55019187927246,-0.04568859562277794,0.9980968832969666
frame1.png,LEFT_EYE_INNER,546.7342376708984,429.13387298583984,-0.059236593544483185,0.998302698135376
frame1.png,LEFT_EYE,546.9306182861328,429.8477268218994,-0.05941329523921013,0.9981933236122131
frame1.png,LEFT_EYE_OUTER,546.8413543701172,430.5699062347412,-0.05937599018216133,0.9982178807258606
frame1.png,RIGHT_EYE_INNER,549.9967193603516,429.2461395263672,-0.03888583555817604,0.9988508224487305
frame1.png,RIGHT_EYE,552.469596862793,430.05316257476807,-0.03912293538451195,0.9991624355316162
frame1.png,RIGHT_EYE_OUTER,554.509391784668,430.6607151031494,-0.03915897011756897,0.9992375373840332
frame1.png,LEFT_EAR,552.4742889404297,440.3767490386963,-0.09524533897638321,0.9994944334030151
frame1.png,RIGHT_EAR,564.5857620239258,442.12700843811035,-0.002789572114124894,0.9993045330047607
frame1.png,MOUTH_LEFT,544.8299407958984,447.64369010925293,-0.054470740258693695,0.9983391761779785
frame1.png,MOUTH_RIGHT,543.1353759765625,446.84319019317627,-0.02935701049864292,0.9983049631118774
frame1.png,LEFT_SHOULDER,560.6766510009766,512.3818302154541,-0.1431260108947754,0.9989915490150452
frame1.png,RIGHT_SHOULDER,576.8376541137695,519.1873025894165,0.07228458672761917,0.9956356883049011
frame1.png,LEFT_ELBOW,579.5253753662109,586.8911075592041,-0.20365789532661438,0.7722887396812439
frame1.png,RIGHT_ELBOW,601.9815826416016,597.6776218414307,0.11307667195796967,0.005983533803373575
frame1.png,LEFT_WRIST,556.0683441162109,614.6261787414551,-0.24321670830249786,0.5602973103523254
frame1.png,RIGHT_WRIST,577.8117752075195,628.0399703979492,0.0779259130358696,0.05812174826860428
frame1.png,LEFT_PINKY,551.1865997314453,624.6340799331665,-0.2705530822277069,0.6631737351417542
frame1.png,RIGHT_PINKY,576.3002777099609,636.9846868515015,0.07420472800731659,0.15676341950893402
frame1.png,LEFT_INDEX,549.1374588012695,614.213547706604,-0.26508012413978577,0.6766470670700073
frame1.png,RIGHT_INDEX,569.115104675293,634.637861251831,0.051143426448106766,0.18777519464492798
frame1.png,LEFT_THUMB,553.858757019043,612.7024555206299,-0.2413317859172821,0.5803420543670654
frame1.png,RIGHT_THUMB,568.7454223632812,631.7587995529175,0.06623589247465134,0.1735810786485672
frame1.png,LEFT_HIP,618.0850982666016,690.4046773910522,-0.06704510003328323,0.965877115726471
frame1.png,RIGHT_HIP,630.3813934326172,685.656008720398,0.06695421785116196,0.965803861618042
frame1.png,LEFT_KNEE,655.0225067138672,760.8458805084229,-0.01662975363433361,0.3967466950416565
frame1.png,RIGHT_KNEE,627.9031372070312,759.0890121459961,0.11535106599330902,0.022371532395482063
frame1.png,LEFT_ANKLE,685.7644653320312,872.4337577819824,0.08228068053722382,0.3250408172607422
frame1.png,RIGHT_ANKLE,655.7192230224609,863.221549987793,0.2001265585422516,0.04262339696288109
frame1.png,LEFT_HEEL,698.9269256591797,889.1122913360596,0.09054315090179443,0.4056318700313568
frame1.png,RIGHT_HEEL,663.8404083251953,876.265754699707,0.2074713408946991,0.08272705972194672
frame1.png,LEFT_FOOT_INDEX,663.5765838623047,901.2751865386963,0.051787324249744415,0.28968989849090576
frame1.png,RIGHT_FOOT_INDEX,652.0326995849609,895.8974647521973,0.17892339825630188,0.06300411373376846
frame2.png,NOSE,539.2242431640625,373.949031829834,0.06386911869049072,0.9896548986434937
frame2.png,LEFT_EYE_INNER,533.8596343994141,370.22801399230957,0.04741242155432701,0.9864159822463989
frame2.png,LEFT_EYE,532.3622894287109,371.1271333694458,0.04731137305498123,0.985964298248291
frame2.png,LEFT_EYE_OUTER,530.8850860595703,372.061185836792,0.04735958203673363,0.9870823621749878
frame2.png,RIGHT_EYE_INNER,538.3539581298828,366.7963743209839,0.05195394903421402,0.9916481971740723
frame2.png,RIGHT_EYE,539.7039031982422,365.419864654541,0.05177987366914749,0.9939343333244324
frame2.png,RIGHT_EYE_OUTER,540.832405090332,363.95421981811523,0.05169958993792534,0.9954560995101929
frame2.png,LEFT_EAR,531.6074371337891,373.8695526123047,-0.004057423677295446,0.9916971921920776
frame2.png,RIGHT_EAR,545.3061676025391,361.7359685897827,0.015723077580332756,0.9938288331031799
frame2.png,MOUTH_LEFT,540.8295440673828,379.8017406463623,0.050803326070308685,0.9776853919029236
frame2.png,MOUTH_RIGHT,545.5579376220703,376.3715171813965,0.05548926442861557,0.9814751148223877
frame2.png,LEFT_SHOULDER,535.2924346923828,402.3150444030762,-0.031151801347732544,0.999572217464447
frame2.png,RIGHT_SHOULDER,590.6739044189453,364.8030424118042,0.011979603208601475,0.9996591806411743
frame2.png,LEFT_ELBOW,531.5693283081055,448.65880966186523,-0.004268581513315439,0.7633779644966125
frame2.png,RIGHT_ELBOW,641.0697174072266,377.49701499938965,0.05582926422357559,0.4463861286640167
frame2.png,LEFT_WRIST,524.3195343017578,449.2306137084961,0.07065995037555695,0.05279885232448578
frame2.png,RIGHT_WRIST,628.102912902832,397.2265291213989,0.1324642151594162,0.03808718919754028
frame2.png,LEFT_PINKY,519.7114181518555,450.21045684814453,0.08003078401088715,0.05928293988108635
frame2.png,RIGHT_PINKY,627.2783660888672,402.1105098724365,0.1429382711648941,0.03421872481703758
frame2.png,LEFT_INDEX,521.7826080322266,441.7428731918335,0.07808307558298111,0.06001429632306099
frame2.png,RIGHT_INDEX,620.5328369140625,406.1598300933838,0.13860931992530823,0.03215067833662033
frame2.png,LEFT_THUMB,525.4877853393555,440.118613243103,0.07288886606693268,0.04818056523799896
frame2.png,RIGHT_THUMB,619.8992919921875,405.1735496520996,0.13217267394065857,0.027015073224902153
frame2.png,LEFT_HIP,597.7048492431641,490.2470397949219,-0.019283955916762352,0.999808132648468
frame2.png,RIGHT_HIP,632.8093338012695,473.87359142303467,0.019131634384393692,0.9998108744621277
frame2.png,LEFT_KNEE,600.5105590820312,541.4223432540894,0.05977141857147217,0.7645817995071411
frame2.png,RIGHT_KNEE,642.9229736328125,527.0322704315186,0.10320955514907837,0.2470342069864273
frame2.png,LEFT_ANKLE,635.4430389404297,609.8330068588257,0.0763319581747055,0.8677082061767578
frame2.png,RIGHT_ANKLE,673.4252166748047,582.6701259613037,0.13527676463127136,0.5408045649528503
frame2.png,LEFT_HEEL,644.7871398925781,619.3912410736084,0.07748042792081833,0.8989541530609131
frame2.png,RIGHT_HEEL,682.3566436767578,592.9398965835571,0.13816186785697937,0.6864970326423645
frame2.png,LEFT_FOOT_INDEX,631.5058135986328,608.2849216461182,0.06967388838529587,0.5914576053619385
frame2.png,RIGHT_FOOT_INDEX,667.8057098388672,589.3980503082275,0.13397079706192017,0.24043913185596466
frame3.png,NOSE,534.0787887573242,375.21310329437256,0.07770559191703796,0.9977465271949768
frame3.png,LEFT_EYE_INNER,529.5833587646484,372.2588109970093,0.06137644499540329,0.9977816939353943
frame3.png,LEFT_EYE,528.577766418457,373.12814712524414,0.061285991221666336,0.9975691437721252
frame3.png,LEFT_EYE_OUTER,527.3808670043945,373.9497184753418,0.061356205493211746,0.9979674220085144
frame3.png,RIGHT_EYE_INNER,532.7220916748047,368.687481880188,0.06902635097503662,0.9984057545661926
frame3.png,RIGHT_EYE,533.631591796875,367.4495458602905,0.06885124742984772,0.9986904263496399
frame3.png,RIGHT_EYE_OUTER,534.296875,366.26169204711914,0.06879577040672302,0.9990267753601074
frame3.png,LEFT_EAR,527.8759002685547,374.47028160095215,0.007982919923961163,0.9986838698387146
frame3.png,RIGHT_EAR,537.8643035888672,363.28800201416016,0.04171404615044594,0.9987910389900208
frame3.png,MOUTH_LEFT,537.1410369873047,379.4578170776367,0.06334814429283142,0.9960162043571472
frame3.png,MOUTH_RIGHT,539.972038269043,376.5042543411255,0.07206662744283676,0.9959964752197266
frame3.png,LEFT_SHOULDER,538.9508819580078,397.5077962875366,-0.02169066108763218,0.9998500347137451
frame3.png,RIGHT_SHOULDER,583.9511871337891,362.0265054702759,0.04202613979578018,0.9997428059577942
frame3.png,LEFT_ELBOW,530.5294036865234,443.7172794342041,-0.01053942646831274,0.787662923336029
frame3.png,RIGHT_ELBOW,625.5451583862305,379.31885719299316,0.08601319044828415,0.1617957353591919
frame3.png,LEFT_WRIST,514.9067306518555,441.5076541900635,0.047418419271707535,0.23686403036117554
frame3.png,RIGHT_WRIST,610.8235931396484,392.4644708633423,0.15526631474494934,0.01917746476829052
frame3.png,LEFT_PINKY,508.0276870727539,440.3837013244629,0.05275295302271843,0.27454835176467896
frame3.png,RIGHT_PINKY,608.2767486572266,394.04624462127686,0.1656130850315094,0.02083715796470642
frame3.png,LEFT_INDEX,510.1298141479492,432.4959468841553,0.053714096546173096,0.26707127690315247
frame3.png,RIGHT_INDEX,602.708854675293,397.4655246734619,0.16051408648490906,0.01990874670445919
frame3.png,LEFT_THUMB,514.5863723754883,431.95929050445557,0.050529561936855316,0.1848316490650177
frame3.png,RIGHT_THUMB,602.204475402832,397.79236793518066,0.15425704419612885,0.016838479787111282
frame3.png,LEFT_HIP,602.691764831543,483.8962984085083,-0.020648034289479256,0.999889612197876
frame3.png,RIGHT_HIP,636.9023895263672,467.79218673706055,0.020468460395932198,0.9998759031295776
frame3.png,LEFT_KNEE,608.7563323974609,551.7721080780029,0.06294901669025421,0.636626660823822
frame3.png,RIGHT_KNEE,652.2821044921875,536.2910842895508,0.0676090344786644,0.2629384696483612
frame3.png,LEFT_ANKLE,641.0637664794922,612.257251739502,0.07735848426818848,0.8480789661407471
frame3.png,RIGHT_ANKLE,676.5829467773438,589.923505783081,0.07756994664669037,0.5095105171203613
frame3.png,LEFT_HEEL,648.9044952392578,622.8744649887085,0.07819289714097977,0.8926547765731812
frame3.png,RIGHT_HEEL,684.3568420410156,598.6033916473389,0.07837885618209839,0.6943984627723694
frame3.png,LEFT_FOOT_INDEX,628.128547668457,611.3509654998779,0.07108532637357712,0.6297826766967773
frame3.png,RIGHT_FOOT_INDEX,668.7005615234375,596.8448066711426,0.07173489034175873,0.3110322058200836
frame4.png,NOSE,543.8967132568359,337.4756455421448,-0.0024451413191854954,0.99781334400177
frame4.png,LEFT_EYE_INNER,546.0619354248047,331.2669110298157,0.001302884891629219,0.995216965675354
frame4.png,LEFT_EYE,547.8287506103516,330.14248609542847,0.0011900775134563446,0.9944334626197815
frame4.png,LEFT_EYE_OUTER,549.713020324707,329.2611336708069,0.0012049531796947122,0.9960975646972656
frame4.png,RIGHT_EYE_INNER,541.655387878418,334.2559862136841,0.0035813457798212767,0.9970170259475708
frame4.png,RIGHT_EYE,540.7224273681641,335.320565700531,0.0034002154134213924,0.9973284006118774
frame4.png,RIGHT_EYE_OUTER,539.6758270263672,336.30813360214233,0.0032882404047995806,0.9981763362884521
frame4.png,LEFT_EAR,554.4257354736328,335.2516222000122,0.019077107310295105,0.9970312118530273
frame4.png,RIGHT_EAR,543.6441802978516,340.8797550201416,0.0307835154235363,0.9963592886924744
frame4.png,MOUTH_LEFT,551.8062210083008,342.4536108970642,0.005410482175648212,0.9976213574409485
frame4.png,MOUTH_RIGHT,546.5495681762695,346.27487897872925,0.007618471048772335,0.9976293444633484
frame4.png,LEFT_SHOULDER,594.6599578857422,365.74589252471924,0.02718193456530571,0.999812662601471
frame4.png,RIGHT_SHOULDER,546.5363693237305,380.63206672668457,0.028963401913642883,0.9998480081558228
frame4.png,LEFT_ELBOW,624.4599533081055,399.48246002197266,0.015389655716717243,0.36242541670799255
frame4.png,RIGHT_ELBOW,532.05322265625,419.92913246154785,-0.005667492747306824,0.5633398294448853
frame4.png,LEFT_WRIST,612.1989822387695,418.4422445297241,-0.017671676352620125,0.3611243665218353
frame4.png,RIGHT_WRIST,558.5721588134766,448.8650608062744,-0.061061788350343704,0.6823795437812805
frame4.png,LEFT_PINKY,610.604133605957,427.32215881347656,-0.025713419541716576,0.4700767397880554
frame4.png,RIGHT_PINKY,564.325065612793,461.4245367050171,-0.0772019773721695,0.7003524899482727
frame4.png,LEFT_INDEX,604.9088668823242,421.18191719055176,-0.03232270106673241,0.4802817106246948
frame4.png,RIGHT_INDEX,573.4662628173828,456.1538028717041,-0.07867014408111572,0.6996696591377258
frame4.png,LEFT_THUMB,605.4807281494141,418.77007484436035,-0.02010277658700943,0.4196580946445465
frame4.png,RIGHT_THUMB,571.7906951904297,452.07602977752686,-0.06359977275133133,0.6595679521560669
frame4.png,LEFT_HIP,613.1916427612305,467.6331424713135,-0.003625000361353159,0.9999210834503174
frame4.png,RIGHT_HIP,590.9071731567383,472.6919174194336,0.003502574283629656,0.9999325275421143
frame4.png,LEFT_KNEE,641.6072845458984,537.9306650161743,-0.013431990519165993,0.48186907172203064
frame4.png,RIGHT_KNEE,624.2606353759766,542.8466606140137,-0.02420363761484623,0.40882188081741333
frame4.png,LEFT_ANKLE,675.22705078125,615.7330513000488,-0.019069746136665344,0.7602233290672302
frame4.png,RIGHT_ANKLE,673.10546875,614.6732139587402,-0.021939052268862724,0.6655235886573792
frame4.png,LEFT_HEEL,679.7277069091797,626.2759351730347,-0.022808410227298737,0.46127474308013916
frame4.png,RIGHT_HEEL,686.0066223144531,624.328351020813,-0.02285098470747471,0.485333651304245
frame4.png,LEFT_FOOT_INDEX,680.5583953857422,640.9544849395752,-0.06429638713598251,0.7347939014434814
frame4.png,RIGHT_FOOT_INDEX,676.092529296875,638.2747650146484,-0.05203746631741524,0.6813951730728149
frame5.png,NOSE,523.637809753418,391.96240425109863,-0.05470973998308182,0.9892510771751404
frame5.png,LEFT_EYE_INNER,520.712776184082,385.3509521484375,-0.05321322754025459,0.973760724067688
frame5.png,LEFT_EYE,520.9517288208008,383.0014657974243,-0.053362466394901276,0.9735144972801208
frame5.png,LEFT_EYE_OUTER,523.4641265869141,381.2776851654053,-0.053349532186985016,0.9826384782791138
frame5.png,RIGHT_EYE_INNER,515.4104614257812,387.9553985595703,-0.0521034374833107,0.9758077263832092
frame5.png,RIGHT_EYE,514.0129852294922,388.3847665786743,-0.0522560179233551,0.976342499256134
frame5.png,RIGHT_EYE_OUTER,512.6988983154297,388.83941173553467,-0.052340228110551834,0.9787344932556152
frame5.png,LEFT_EAR,524.291877746582,379.3976068496704,-0.024931546300649643,0.9858511090278625
frame5.png,RIGHT_EAR,510.791015625,389.88131046295166,-0.018075833097100258,0.9375701546669006
frame5.png,MOUTH_LEFT,529.3546676635742,392.2455596923828,-0.04053227975964546,0.9804369807243347
frame5.png,MOUTH_RIGHT,525.0933837890625,397.1414279937744,-0.039770644158124924,0.9644395112991333
frame5.png,LEFT_SHOULDER,559.7783660888672,378.43947887420654,0.0038049244321882725,0.9999246597290039
frame5.png,RIGHT_SHOULDER,521.9548416137695,412.97701835632324,-0.005902764853090048,0.9994496703147888
frame5.png,LEFT_ELBOW,602.8772735595703,368.39853286743164,-0.023483609780669212,0.4688231647014618
frame5.png,RIGHT_ELBOW,528.0683517456055,447.4819850921631,-0.05132640153169632,0.2357943058013916
frame5.png,LEFT_WRIST,604.4608688354492,407.99986839294434,-0.08759144693613052,0.44111916422843933
frame5.png,RIGHT_WRIST,560.5857086181641,445.11550426483154,-0.112416110932827,0.26174381375312805
frame5.png,LEFT_PINKY,606.2215042114258,419.83261585235596,-0.10017136484384537,0.47662708163261414
frame5.png,RIGHT_PINKY,570.9052658081055,448.5957670211792,-0.1305714249610901,0.3138072192668915
frame5.png,LEFT_INDEX,595.5984497070312,417.63062953948975,-0.10410938411951065,0.4829564690589905
frame5.png,RIGHT_INDEX,571.7119598388672,441.0174751281738,-0.13060426712036133,0.30754199624061584
frame5.png,LEFT_THUMB,595.5412673950195,414.9525833129883,-0.08935661613941193,0.3996933698654175
frame5.png,RIGHT_THUMB,568.897819519043,440.3964900970459,-0.1144610196352005,0.24506017565727234
frame5.png,LEFT_HIP,604.176139831543,484.42617416381836,0.00846217479556799,0.9996588230133057
frame5.png,RIGHT_HIP,578.0693435668945,501.5194845199585,-0.008574074134230614,0.9996193647384644
frame5.png,LEFT_KNEE,641.7021942138672,534.1486644744873,0.03675326704978943,0.0598142184317112
frame5.png,RIGHT_KNEE,621.8791580200195,556.1599016189575,-0.07736674696207047,0.45725634694099426
frame5.png,LEFT_ANKLE,673.4146881103516,585.6117153167725,0.06395263969898224,0.12124592810869217
frame5.png,RIGHT_ANKLE,680.3152465820312,644.9139833450317,-0.11047426611185074,0.48926934599876404
frame5.png,LEFT_HEEL,681.5816497802734,594.4741201400757,0.06348110735416412,0.10393519699573517
frame5.png,RIGHT_HEEL,687.2871398925781,660.3850078582764,-0.11510749161243439,0.28307846188545227
frame5.png,LEFT_FOOT_INDEX,694.42626953125,601.7244100570679,0.03941481560468674,0.1416696459054947
frame5.png,RIGHT_FOOT_INDEX,683.6891937255859,668.6615753173828,-0.15093883872032166,0.4389131963253021
frame6.png,NOSE,510.55755615234375,384.38947677612305,0.049424804747104645,0.9985643029212952
frame6.png,LEFT_EYE_INNER,505.87440490722656,380.82106590270996,0.033226557075977325,0.9987782835960388
frame6.png,LEFT_EYE,504.8427200317383,382.0424795150757,0.03309762105345726,0.9989157915115356
frame6.png,LEFT_EYE_OUTER,503.8547134399414,383.24243545532227,0.0331445075571537,0.9990234375
frame6.png,RIGHT_EYE_INNER,510.05359649658203,376.66664600372314,0.036034148186445236,0.9989880919456482
frame6.png,RIGHT_EYE,511.705322265625,375.20134449005127,0.03583119064569473,0.999235987663269
frame6.png,RIGHT_EYE_OUTER,513.3046722412109,373.66124153137207,0.035752687603235245,0.9993348717689514
frame6.png,LEFT_EAR,505.48954010009766,386.54266834259033,-0.018536986783146858,0.9993311166763306
frame6.png,RIGHT_EAR,519.3039703369141,373.02321910858154,-0.006423622369766235,0.9988995790481567
frame6.png,MOUTH_LEFT,514.2751312255859,391.3417625427246,0.03633863106369972,0.9963285326957703
frame6.png,MOUTH_RIGHT,517.7750396728516,387.39792823791504,0.038508787751197815,0.9960378408432007
frame6.png,LEFT_SHOULDER,517.932014465332,424.7990369796753,-0.047073859721422195,0.9998470544815063
frame6.png,RIGHT_SHOULDER,569.271354675293,374.1176462173462,-0.002634601667523384,0.9993612170219421
frame6.png,LEFT_ELBOW,518.577995300293,478.82460594177246,-0.035417281091213226,0.789712131023407
frame6.png,RIGHT_ELBOW,614.019775390625,373.98327827453613,0.014698085375130177,0.27941617369651794
frame6.png,LEFT_WRIST,484.76505279541016,458.43544006347656,0.0036228634417057037,0.31351611018180847
frame6.png,RIGHT_WRIST,614.1327667236328,366.3793659210205,0.058723680675029755,0.16748583316802979
frame6.png,LEFT_PINKY,474.7864532470703,454.2616653442383,0.0042238254100084305,0.359828919172287
frame6.png,RIGHT_PINKY,618.5126495361328,360.4933547973633,0.06196976453065872,0.20302051305770874
frame6.png,LEFT_INDEX,475.43670654296875,444.90161418914795,0.005182303488254547,0.3621129095554352
frame6.png,RIGHT_INDEX,609.3181610107422,364.21287059783936,0.062187083065509796,0.19306813180446625
frame6.png,LEFT_THUMB,483.17928314208984,447.525372505188,0.006077051628381014,0.2725986838340759
frame6.png,RIGHT_THUMB,605.9059906005859,367.8536796569824,0.0593162402510643,0.1410282850265503
frame6.png,LEFT_HIP,593.1051635742188,510.25335788726807,-0.03451251611113548,0.9998447895050049
frame6.png,RIGHT_HIP,622.8594207763672,488.64458084106445,0.034358251839876175,0.9996713399887085
frame6.png,LEFT_KNEE,615.5171966552734,582.2864198684692,-0.03145241737365723,0.9438297748565674
frame6.png,RIGHT_KNEE,643.2912445068359,540.4131889343262,0.11614155769348145,0.042015206068754196
frame6.png,LEFT_ANKLE,676.2001800537109,647.325267791748,-0.08595617115497589,0.9298920035362244
frame6.png,RIGHT_ANKLE,698.2398986816406,581.9297075271606,0.15541012585163116,0.13238836824893951
frame6.png,LEFT_HEEL,697.5807189941406,660.3021383285522,-0.09208427369594574,0.9358748197555542
frame6.png,RIGHT_HEEL,711.1305999755859,589.6417665481567,0.1602257639169693,0.3961123824119568
frame6.png,LEFT_FOOT_INDEX,662.0921325683594,672.2781372070312,-0.12248291820287704,0.8559140563011169
frame6.png,RIGHT_FOOT_INDEX,687.2705841064453,586.8365621566772,0.16555635631084442,0.11617597192525864
frame10.png,NOSE,737.1327972412109,365.8790588378906,0.09665446728467941,0.9988412261009216
frame10.png,LEFT_EYE_INNER,732.0279693603516,358.80970001220703,0.08164823055267334,0.9986842274665833
frame10.png,LEFT_EYE,729.1738128662109,358.9630365371704,0.08151847869157791,0.998515784740448
frame10.png,LEFT_EYE_OUTER,726.2268829345703,359.22823190689087,0.08151127398014069,0.9988418221473694
frame10.png,RIGHT_EYE_INNER,740.1197814941406,358.08093309402466,0.07761507481336594,0.9990807771682739
frame10.png,RIGHT_EYE,742.7299499511719,357.73239612579346,0.07746868580579758,0.9993045330047607
frame10.png,RIGHT_EYE_OUTER,745.2735900878906,357.3842453956604,0.07741545140743256,0.9994813799858093
frame10.png,LEFT_EAR,722.0359802246094,363.8005828857422,0.025737274438142776,0.9996789693832397
frame10.png,RIGHT_EAR,747.6346588134766,361.8149757385254,0.0070153772830963135,0.9995856881141663
frame10.png,MOUTH_LEFT,734.3531799316406,373.7666416168213,0.08235948532819748,0.9991657733917236
frame10.png,MOUTH_RIGHT,741.2396240234375,372.8405284881592,0.07585842162370682,0.9992879033088684
frame10.png,LEFT_SHOULDER,699.9976348876953,414.7383499145508,0.011529810726642609,0.9999260902404785
frame10.png,RIGHT_SHOULDER,775.3790283203125,408.3578681945801,-0.02977469563484192,0.9997689127922058
frame10.png,LEFT_ELBOW,706.2567901611328,491.5048885345459,0.02431545779109001,0.5929854512214661
frame10.png,RIGHT_ELBOW,790.0148010253906,472.7816104888916,-0.054409898817539215,0.4369783103466034
frame10.png,LEFT_WRIST,741.3551330566406,538.0831861495972,0.0313139408826828,0.344722718000412
frame10.png,RIGHT_WRIST,785.8293914794922,532.8639936447144,-0.05354755371809006,0.24451099336147308
frame10.png,LEFT_PINKY,746.7277526855469,548.172197341919,0.030766014009714127,0.3349146246910095
frame10.png,RIGHT_PINKY,785.40283203125,544.0221118927002,-0.06399255245923996,0.20511409640312195
frame10.png,LEFT_INDEX,753.270263671875,543.9346933364868,0.02024209499359131,0.33902597427368164
frame10.png,RIGHT_INDEX,778.9395904541016,545.9591817855835,-0.06618253886699677,0.1993122398853302
frame10.png,LEFT_THUMB,753.9236450195312,540.6101274490356,0.027242863550782204,0.2892800271511078
frame10.png,RIGHT_THUMB,776.7493438720703,541.6160202026367,-0.05541722849011421,0.15694880485534668
frame10.png,LEFT_HIP,741.5218353271484,548.5497236251831,0.012326766736805439,0.9989860653877258
frame10.png,RIGHT_HIP,770.6325531005859,545.4469442367554,-0.012451387010514736,0.9991426467895508
frame10.png,LEFT_KNEE,773.9529418945312,643.8160800933838,0.11559078842401505,0.6744136214256287
frame10.png,RIGHT_KNEE,783.4580993652344,628.4687376022339,0.08808521926403046,0.4295770823955536
frame10.png,LEFT_ANKLE,774.8269653320312,680.0815629959106,0.2414473593235016,0.4016801416873932
frame10.png,RIGHT_ANKLE,778.2374572753906,675.0172519683838,0.20417828857898712,0.2648148238658905
frame10.png,LEFT_HEEL,778.0060577392578,688.0611991882324,0.2533174753189087,0.6369887590408325
frame10.png,RIGHT_HEEL,775.9243011474609,686.8270397186279,0.21589502692222595,0.45050284266471863
frame10.png,LEFT_FOOT_INDEX,761.0673522949219,680.0933647155762,0.24462036788463593,0.17366965115070343
frame10.png,RIGHT_FOOT_INDEX,784.3856048583984,675.7528209686279,0.2081269770860672,0.10120198875665665
frame11.png,NOSE,760.9197235107422,360.31800270080566,-0.009054346941411495,0.9997037053108215
frame11.png,LEFT_EYE_INNER,756.6043853759766,355.3655934333801,-0.006721516605466604,0.9997335076332092
frame11.png,LEFT_EYE,755.474853515625,356.2588119506836,-0.006899786181747913,0.9996882677078247
frame11.png,LEFT_EYE_OUTER,753.0348205566406,357.00390815734863,-0.006860896944999695,0.9997971653938293
frame11.png,RIGHT_EYE_INNER,756.6886901855469,354.6595072746277,-0.022995540872216225,0.9998325109481812
frame11.png,RIGHT_EYE,755.6322479248047,355.1873230934143,-0.023173922672867775,0.999834418296814
frame11.png,RIGHT_EYE_OUTER,754.6417236328125,355.53307056427,-0.023214586079120636,0.9998753070831299
frame11.png,LEFT_EAR,745.7843017578125,364.11489486694336,0.011353380046784878,0.999852180480957
frame11.png,RIGHT_EAR,747.6969146728516,363.56678009033203,-0.06210704520344734,0.9996840953826904
frame11.png,MOUTH_LEFT,759.1567993164062,371.8516731262207,0.0026075514033436775,0.9992241859436035
frame11.png,MOUTH_RIGHT,759.6583557128906,371.4941883087158,-0.02014593407511711,0.9992122650146484
frame11.png,LEFT_SHOULDER,716.3706970214844,410.3478956222534,0.044674597680568695,0.9997554421424866
frame11.png,RIGHT_SHOULDER,763.336181640625,407.2974729537964,-0.0798284262418747,0.9988073110580444
frame11.png,LEFT_ELBOW,742.4478912353516,440.7719564437866,0.09939023852348328,0.025352459400892258
frame11.png,RIGHT_ELBOW,787.4349975585938,477.7839517593384,-0.10317932069301605,0.07400868833065033
frame11.png,LEFT_WRIST,770.3945922851562,415.80737113952637,0.11256047338247299,0.059643667191267014
frame11.png,RIGHT_WRIST,779.3287658691406,485.24341106414795,-0.08974618464708328,0.048238370567560196
frame11.png,LEFT_PINKY,777.9727935791016,432.54624366760254,0.11795772612094879,0.1033201664686203
frame11.png,RIGHT_PINKY,775.7884979248047,484.21854972839355,-0.10134239494800568,0.06682310253381729
frame11.png,LEFT_INDEX,778.7513732910156,429.66804027557373,0.1010192409157753,0.11159463226795197
frame11.png,RIGHT_INDEX,770.3765869140625,482.3779106140137,-0.10211384296417236,0.06737116724252701
frame11.png,LEFT_THUMB,779.1613006591797,431.2345790863037,0.10574331134557724,0.10511524975299835
frame11.png,RIGHT_THUMB,770.2105712890625,482.48133659362793,-0.09072763472795486,0.051971085369586945
frame11.png,LEFT_HIP,746.5817260742188,549.4045543670654,0.03523337095975876,0.9990530610084534
frame11.png,RIGHT_HIP,766.6428375244141,550.2863788604736,-0.03540494665503502,0.9986438155174255
frame11.png,LEFT_KNEE,775.765380859375,624.0558385848999,0.09723291546106339,0.07987858355045319
frame11.png,RIGHT_KNEE,764.9309539794922,605.3830718994141,0.00465900544077158,0.09261266142129898
frame11.png,LEFT_ANKLE,778.0073547363281,638.921799659729,0.16693222522735596,0.08846862614154816
frame11.png,RIGHT_ANKLE,771.2940216064453,625.484447479248,0.08444495499134064,0.08142820745706558
frame11.png,LEFT_HEEL,780.6177520751953,642.9386758804321,0.17314386367797852,0.21584080159664154
frame11.png,RIGHT_HEEL,771.7236328125,630.8667182922363,0.0938124731183052,0.1557772159576416
frame11.png,LEFT_FOOT_INDEX,768.3643341064453,634.1889238357544,0.17508181929588318,0.1157318577170372
frame11.png,RIGHT_FOOT_INDEX,770.4678344726562,620.3444766998291,0.10338424146175385,0.08260582387447357
frame12.png,NOSE,528.3873748779297,437.5897407531738,-0.03155893459916115,0.9985278844833374
frame12.png,LEFT_EYE_INNER,536.6625213623047,431.3662004470825,-0.04833618551492691,0.9985685348510742
frame12.png,LEFT_EYE,537.8792572021484,432.3827362060547,-0.04850633814930916,0.9985668063163757
frame12.png,LEFT_EYE_OUTER,538.9061737060547,433.4910249710083,-0.048485491424798965,0.9989176988601685
frame12.png,RIGHT_EYE_INNER,538.0610275268555,431.31096839904785,-0.022029241546988487,0.998711109161377
frame12.png,RIGHT_EYE,540.463752746582,432.4064254760742,-0.022265270352363586,0.9987818598747253
frame12.png,RIGHT_EYE_OUTER,542.847785949707,433.5659980773926,-0.022295815870165825,0.9990285634994507
frame12.png,LEFT_EAR,549.4569778442383,445.138635635376,-0.09568829089403152,0.9996209144592285
frame12.png,RIGHT_EAR,555.1375579833984,445.7663154602051,0.02509225346148014,0.9989535808563232
frame12.png,MOUTH_LEFT,531.0965728759766,453.41434478759766,-0.04413411393761635,0.9990538954734802
frame12.png,MOUTH_RIGHT,532.7256011962891,455.29558181762695,-0.01120950561016798,0.9983843564987183
frame12.png,LEFT_SHOULDER,564.9987030029297,524.1666412353516,-0.17029477655887604,0.9993792772293091
frame12.png,RIGHT_SHOULDER,580.7133865356445,527.441725730896,0.12169720977544785,0.9940681457519531
frame12.png,LEFT_ELBOW,597.84423828125,617.762131690979,-0.2888619303703308,0.8280215263366699
frame12.png,RIGHT_ELBOW,596.7310333251953,595.2432060241699,0.22017014026641846,0.004081069491803646
frame12.png,LEFT_WRIST,550.5710983276367,602.4066781997681,-0.37257346510887146,0.5755034685134888
frame12.png,RIGHT_WRIST,550.826301574707,575.2363729476929,0.24870499968528748,0.02552717551589012
frame12.png,LEFT_PINKY,539.2063140869141,600.6565475463867,-0.40861836075782776,0.6148863434791565
frame12.png,RIGHT_PINKY,544.3881988525391,569.2199850082397,0.25835978984832764,0.0665861964225769
frame12.png,LEFT_INDEX,538.2769012451172,586.7832183837891,-0.39545223116874695,0.6140886545181274
frame12.png,RIGHT_INDEX,532.4851226806641,563.4661960601807,0.23548486828804016,0.07748521864414215
frame12.png,LEFT_THUMB,544.478759765625,589.7960042953491,-0.3680420219898224,0.4789191484451294
frame12.png,RIGHT_THUMB,533.6578369140625,565.9199666976929,0.23780100047588348,0.07725651562213898
frame12.png,LEFT_HIP,648.5508728027344,707.2509670257568,-0.08861134201288223,0.9090241193771362
frame12.png,RIGHT_HIP,643.0002593994141,704.4735288619995,0.0884808823466301,0.8933626413345337
frame12.png,LEFT_KNEE,644.5010375976562,802.1607398986816,-0.13457924127578735,0.1557195633649826
frame12.png,RIGHT_KNEE,625.5463790893555,790.0747489929199,0.10993236303329468,0.004977348260581493
frame12.png,LEFT_ANKLE,684.6303558349609,938.7798500061035,-0.052342403680086136,0.04914935678243637
frame12.png,RIGHT_ANKLE,648.2247924804688,919.8038864135742,0.1901140958070755,0.0040454869158566
frame12.png,LEFT_HEEL,706.2840270996094,957.5884437561035,-0.044464778155088425,0.08728364109992981
frame12.png,RIGHT_HEEL,657.2468566894531,938.772554397583,0.1976546049118042,0.01325783971697092
frame12.png,LEFT_FOOT_INDEX,641.5545654296875,973.4677219390869,-0.08551223576068878,0.052071623504161835
frame12.png,RIGHT_FOOT_INDEX,635.4346466064453,951.2821197509766,0.17777830362319946,0.0066694715060293674
frame13.png,NOSE,767.5997924804688,363.20165634155273,0.14365334808826447,0.9977153539657593
frame13.png,LEFT_EYE_INNER,765.7471466064453,358.796181678772,0.13995260000228882,0.9978908896446228
frame13.png,LEFT_EYE,764.0304565429688,358.2981491088867,0.13988415896892548,0.9968708157539368
frame13.png,LEFT_EYE_OUTER,762.2333526611328,358.0186200141907,0.13990171253681183,0.9980401396751404
frame13.png,RIGHT_EYE_INNER,769.6425628662109,360.0516700744629,0.13430821895599365,0.9988158941268921
frame13.png,RIGHT_EYE,770.7823181152344,360.6542444229126,0.1341429203748703,0.9987338185310364
frame13.png,RIGHT_EYE_OUTER,771.9020843505859,361.1180305480957,0.13408342003822327,0.9993608593940735
frame13.png,LEFT_EAR,751.4614105224609,362.2072219848633,0.11683319509029388,0.9987879395484924
frame13.png,RIGHT_EAR,771.17919921875,365.3144645690918,0.09191157668828964,0.9988208413124084
frame13.png,MOUTH_LEFT,763.6235809326172,367.00833320617676,0.1377696990966797,0.9979210495948792
frame13.png,MOUTH_RIGHT,767.3709869384766,368.52890968322754,0.12949612736701965,0.9982010126113892
frame13.png,LEFT_SHOULDER,717.882080078125,385.78551292419434,0.11252979934215546,0.9998410940170288
frame13.png,RIGHT_SHOULDER,780.7109069824219,400.62726974487305,0.041131384670734406,0.999923825263977
frame13.png,LEFT_ELBOW,705.9732818603516,430.99897384643555,0.13813169300556183,0.011421013623476028
frame13.png,RIGHT_ELBOW,787.6215362548828,454.6867847442627,0.04211628437042236,0.08351804316043854
frame13.png,LEFT_WRIST,735.4255676269531,430.07256031036377,0.17352890968322754,0.004187036771327257
frame13.png,RIGHT_WRIST,774.8616790771484,445.5615234375,0.10345323383808136,0.06849141418933868
frame13.png,LEFT_PINKY,741.5245056152344,427.8144407272339,0.18462352454662323,0.008010080084204674
frame13.png,RIGHT_PINKY,773.8681793212891,441.5481662750244,0.10611817985773087,0.08510741591453552
frame13.png,LEFT_INDEX,746.4348602294922,426.96746349334717,0.17779718339443207,0.007859457284212112
frame13.png,RIGHT_INDEX,767.1409606933594,438.9455223083496,0.10623665153980255,0.07675261795520782
frame13.png,LEFT_THUMB,745.8763122558594,428.1526565551758,0.17192654311656952,0.008175021037459373
frame13.png,RIGHT_THUMB,765.4598236083984,440.13848304748535,0.10392491519451141,0.07707822322845459
frame13.png,LEFT_HIP,695.5282592773438,472.113676071167,0.027553224936127663,0.9999557733535767
frame13.png,RIGHT_HIP,729.0930938720703,479.8808813095093,-0.027770113199949265,0.9999747276306152
frame13.png,LEFT_KNEE,727.1932220458984,541.0609102249146,0.04651257023215294,0.35204634070396423
frame13.png,RIGHT_KNEE,769.8590850830078,553.2160806655884,-0.054725974798202515,0.9421404004096985
frame13.png,LEFT_ANKLE,703.8999176025391,635.3675508499146,-0.0172602329403162,0.5097352266311646
frame13.png,RIGHT_ANKLE,781.2995147705078,633.0610227584839,-0.1155959963798523,0.9276043176651001
frame13.png,LEFT_HEEL,697.5263977050781,651.586503982544,-0.024924393743276596,0.542960524559021
frame13.png,RIGHT_HEEL,760.7543182373047,655.1556444168091,-0.11967234313488007,0.9507549405097961
frame13.png,LEFT_FOOT_INDEX,702.1872711181641,645.9594869613647,-0.04648953676223755,0.3285221457481384
frame13.png,RIGHT_FOOT_INDEX,793.6421966552734,654.7899627685547,-0.13165846467018127,0.8233304619789124
frame16.png,NOSE,744.8110961914062,365.094952583313,0.09805529564619064,0.9991249442100525
frame16.png,LEFT_EYE_INNER,742.0417785644531,357.07924604415894,0.08760110288858414,0.9989389777183533
frame16.png,LEFT_EYE,740.1721954345703,356.9564437866211,0.08749668300151825,0.998511016368866
frame16.png,LEFT_EYE_OUTER,736.6609191894531,357.07446098327637,0.08744149655103683,0.9992509484291077
frame16.png,RIGHT_EYE_INNER,747.7466583251953,357.3634743690491,0.08341069519519806,0.9992671608924866
frame16.png,RIGHT_EYE,749.0419769287109,357.6086497306824,0.08328761160373688,0.9991745352745056
frame16.png,RIGHT_EYE_OUTER,750.2193450927734,357.76724338531494,0.08326572924852371,0.9995575547218323
frame16.png,LEFT_EAR,731.5800476074219,361.9302463531494,0.04608891159296036,0.9995412826538086
frame16.png,RIGHT_EAR,750.3789520263672,363.4714651107788,0.027075473219156265,0.9991662502288818
frame16.png,MOUTH_LEFT,741.1186218261719,374.39380645751953,0.08747345954179764,0.9981315732002258
frame16.png,MOUTH_RIGHT,747.0783233642578,374.74661350250244,0.08098962157964706,0.998120129108429
frame16.png,LEFT_SHOULDER,706.0671234130859,408.13385009765625,0.02639028988778591,0.9999861717224121
frame16.png,RIGHT_SHOULDER,768.4029388427734,408.9267110824585,-0.01070889551192522,0.9999383687973022
frame16.png,LEFT_ELBOW,704.4753265380859,477.4979639053345,0.029941190034151077,0.04670913890004158
frame16.png,RIGHT_ELBOW,802.3463439941406,469.33619499206543,-0.020220201462507248,0.11419418454170227
frame16.png,LEFT_WRIST,728.7088775634766,524.3529796600342,0.046911124140024185,0.004564841743558645
frame16.png,RIGHT_WRIST,782.9384613037109,487.04259395599365,0.020263800397515297,0.0017298433231189847
frame16.png,LEFT_PINKY,735.0230407714844,533.9397096633911,0.052628032863140106,0.0049120765179395676
frame16.png,RIGHT_PINKY,777.2312927246094,489.2209768295288,0.022269053384661674,0.0013079626951366663
frame16.png,LEFT_INDEX,741.3771057128906,532.7337455749512,0.04496631398797035,0.004389384761452675
frame16.png,RIGHT_INDEX,772.0713043212891,487.4242830276489,0.023168500512838364,0.001101973233744502
frame16.png,LEFT_THUMB,740.950927734375,528.8123989105225,0.044513799250125885,0.004219633061438799
frame16.png,RIGHT_THUMB,772.3756408691406,485.2086067199707,0.020812496542930603,0.0011233820114284754
frame16.png,LEFT_HIP,734.7305297851562,528.6823225021362,0.014784949831664562,0.9999934434890747
frame16.png,RIGHT_HIP,770.0510406494141,522.8526592254639,-0.014909857884049416,0.9999939203262329
frame16.png,LEFT_KNEE,758.8356781005859,638.9303398132324,0.05292092636227608,0.02548290602862835
frame16.png,RIGHT_KNEE,786.1358642578125,622.2871685028076,-0.006632441189140081,0.16115617752075195
frame16.png,LEFT_ANKLE,770.7302856445312,607.5773763656616,0.12391968816518784,0.004077998921275139
frame16.png,RIGHT_ANKLE,775.4434204101562,604.4628810882568,0.008623682893812656,0.018652549013495445
frame16.png,LEFT_HEEL,776.44287109375,599.7349405288696,0.13245218992233276,0.02995503880083561
frame16.png,RIGHT_HEEL,772.2775268554688,601.3324642181396,0.012203587219119072,0.060722172260284424
frame16.png,LEFT_FOOT_INDEX,761.5517425537109,603.7724161148071,0.16979831457138062,0.0046960292384028435
frame16.png,RIGHT_FOOT_INDEX,770.7424926757812,601.4884185791016,0.038540273904800415,0.012980029918253422
frame17.png,NOSE,559.3259429931641,437.8825521469116,0.01780322566628456,0.9928576946258545
frame17.png,LEFT_EYE_INNER,561.8331909179688,429.41110610961914,-0.006315602455288172,0.99030601978302
frame17.png,LEFT_EYE,560.7722854614258,429.79485511779785,-0.006475576665252447,0.9900194406509399
frame17.png,LEFT_EYE_OUTER,559.5710372924805,430.244779586792,-0.006492615677416325,0.9929531216621399
frame17.png,RIGHT_EYE_INNER,569.4133758544922,429.877552986145,0.01292604673653841,0.9913110733032227
frame17.png,RIGHT_EYE,573.191032409668,430.6289577484131,0.01266634650528431,0.9921758770942688
frame17.png,RIGHT_EYE_OUTER,577.3155975341797,431.37409687042236,0.012638573534786701,0.9940329194068909
frame17.png,LEFT_EAR,564.5621871948242,438.4435844421387,-0.07764215767383575,0.9977080821990967
frame17.png,RIGHT_EAR,586.5682220458984,439.68873023986816,0.010675216093659401,0.9925488233566284
frame17.png,MOUTH_LEFT,561.5972137451172,450.4936981201172,-0.0008144037565216422,0.9943951368331909
frame17.png,MOUTH_RIGHT,569.925422668457,452.4361753463745,0.022925175726413727,0.9911653399467468
frame17.png,LEFT_SHOULDER,574.63623046875,509.54147815704346,-0.1490430384874344,0.9996752738952637
frame17.png,RIGHT_SHOULDER,628.978271484375,501.3121175765991,0.08865340054035187,0.9958706498146057
frame17.png,LEFT_ELBOW,602.4126434326172,598.8219594955444,-0.20597462356090546,0.43659549951553345
frame17.png,RIGHT_ELBOW,645.9862518310547,582.9164600372314,0.1965102255344391,0.0020923572592437267
frame17.png,LEFT_WRIST,599.4100952148438,625.8989238739014,-0.21991029381752014,0.06721203774213791
frame17.png,RIGHT_WRIST,628.719482421875,598.2523012161255,0.25806179642677307,0.0050188517197966576
frame17.png,LEFT_PINKY,598.4873199462891,634.8062610626221,-0.2422516793012619,0.08550965785980225
frame17.png,RIGHT_PINKY,631.919059753418,602.4258613586426,0.27067965269088745,0.012384478934109211
frame17.png,LEFT_INDEX,597.2441482543945,624.338264465332,-0.23622830212116241,0.08659718930721283
frame17.png,RIGHT_INDEX,619.505729675293,598.6262655258179,0.24786050617694855,0.013813788071274757
frame17.png,LEFT_THUMB,601.5625762939453,622.7110433578491,-0.21680769324302673,0.06476082652807236
frame17.png,RIGHT_THUMB,615.0586700439453,597.6309299468994,0.24842193722724915,0.013894915580749512
frame17.png,LEFT_HIP,653.6571502685547,694.535665512085,-0.06903501600027084,0.970249593257904
frame17.png,RIGHT_HIP,667.5443267822266,684.3635702133179,0.06888452172279358,0.9634334444999695
frame17.png,LEFT_KNEE,660.5848693847656,807.2156524658203,-0.059157777577638626,0.06392643600702286
frame17.png,RIGHT_KNEE,658.7300872802734,802.0305347442627,0.09198123961687088,0.00901856180280447
frame17.png,LEFT_ANKLE,685.1220703125,938.3195400238037,0.045958079397678375,0.014567188918590546
frame17.png,RIGHT_ANKLE,660.8599853515625,936.6316795349121,0.16897328197956085,0.005156875122338533
frame17.png,LEFT_HEEL,698.0707550048828,958.6160945892334,0.0555451400578022,0.024655170738697052
frame17.png,RIGHT_HEEL,665.4417419433594,958.9807891845703,0.17600801587104797,0.011938521638512611
frame17.png,LEFT_FOOT_INDEX,658.6560821533203,961.9731903076172,0.03843599557876587,0.008438617922365665
frame17.png,RIGHT_FOOT_INDEX,645.6280517578125,959.56787109375,0.16488425433635712,0.004225678276270628
frame18.png,NOSE,554.5671844482422,419.2693090438843,-0.03746867924928665,0.9997766613960266
frame18.png,LEFT_EYE_INNER,557.8925704956055,415.6355381011963,-0.050576817244291306,0.9998201727867126
frame18.png,LEFT_EYE,558.4300994873047,416.5245723724365,-0.050749994814395905,0.9998080134391785
frame18.png,LEFT_EYE_OUTER,558.6827850341797,417.3644256591797,-0.05071448162198067,0.9998335838317871
frame18.png,RIGHT_EYE_INNER,559.9762725830078,415.30981063842773,-0.03285910189151764,0.9998620748519897
frame18.png,RIGHT_EYE,562.2727203369141,416.17751598358154,-0.03309316188097,0.9998939037322998
frame18.png,RIGHT_EYE_OUTER,565.1099395751953,417.10787773132324,-0.03312251716852188,0.9998999834060669
frame18.png,LEFT_EAR,566.2910079956055,427.83053398132324,-0.0856589525938034,0.9999446868896484
frame18.png,RIGHT_EAR,577.2394943237305,429.2585849761963,-0.0050864252261817455,0.999874472618103
frame18.png,MOUTH_LEFT,557.9599761962891,431.46151542663574,-0.045896608382463455,0.9997650980949402
frame18.png,MOUTH_RIGHT,561.0376739501953,432.3180627822876,-0.02405500039458275,0.9997153878211975
frame18.png,LEFT_SHOULDER,570.5393600463867,490.3979301452637,-0.11744805425405502,0.999875545501709
frame18.png,RIGHT_SHOULDER,604.1168212890625,488.59994888305664,0.057951100170612335,0.9988730549812317
frame18.png,LEFT_ELBOW,621.2875366210938,580.6203174591064,-0.1521647870540619,0.8724653720855713
frame18.png,RIGHT_ELBOW,632.6795196533203,575.9467077255249,0.09767457097768784,0.01804201304912567
frame18.png,LEFT_WRIST,618.6287689208984,609.6940898895264,-0.17621101438999176,0.7886154055595398
frame18.png,RIGHT_WRIST,624.1677093505859,607.239031791687,0.06913764774799347,0.1536467969417572
frame18.png,LEFT_PINKY,618.5895919799805,617.7855634689331,-0.19696734845638275,0.8314329981803894
frame18.png,RIGHT_PINKY,625.7722091674805,615.7330942153931,0.06459347903728485,0.30122172832489014
frame18.png,LEFT_INDEX,614.2517852783203,607.2155141830444,-0.1949784755706787,0.8328999876976013
frame18.png,RIGHT_INDEX,619.6610641479492,612.9123973846436,0.04491041600704193,0.33439502120018005
frame18.png,LEFT_THUMB,616.3052368164062,605.8980131149292,-0.1751382052898407,0.7667603492736816
frame18.png,RIGHT_THUMB,618.2450103759766,609.9357461929321,0.05898618698120117,0.3133012354373932
frame18.png,LEFT_HIP,622.2719573974609,647.2493076324463,-0.05450022965669632,0.9944770932197571
frame18.png,RIGHT_HIP,635.1763916015625,642.6180553436279,0.054436095058918,0.9929264187812805
frame18.png,LEFT_KNEE,657.1060943603516,717.9333686828613,-0.0014284182107076049,0.6844793558120728
frame18.png,RIGHT_KNEE,638.679313659668,715.2104330062866,0.0921459048986435,0.06122443825006485
frame18.png,LEFT_ANKLE,656.7657470703125,819.1641426086426,0.05332661420106888,0.6268535256385803
frame18.png,RIGHT_ANKLE,639.4746017456055,802.0034980773926,0.14889968931674957,0.08423271030187607
frame18.png,LEFT_HEEL,662.4879455566406,834.8383712768555,0.05706605315208435,0.6534634232521057
frame18.png,RIGHT_HEEL,642.9065704345703,814.9048805236816,0.15373240411281586,0.1667891889810562
frame18.png,LEFT_FOOT_INDEX,634.0520095825195,842.9801845550537,0.019746944308280945,0.5544998645782471
frame18.png,RIGHT_FOOT_INDEX,631.4575958251953,824.7513771057129,0.13014908134937286,0.1305241882801056
frame19.png,NOSE,547.932014465332,419.94561195373535,-0.029777532443404198,0.9995265007019043
frame19.png,LEFT_EYE_INNER,552.1701812744141,413.34437370300293,-0.04605787247419357,0.9995736479759216
frame19.png,LEFT_EYE,552.2124481201172,413.6811304092407,-0.0462631918489933,0.9995642304420471
frame19.png,LEFT_EYE_OUTER,551.8762969970703,413.92767906188965,-0.04622004181146622,0.9995360374450684
frame19.png,RIGHT_EYE_INNER,556.0663604736328,414.2720317840576,-0.023946084082126617,0.9996711015701294
frame19.png,RIGHT_EYE,558.8594436645508,415.3835391998291,-0.024208171293139458,0.9997703433036804
frame19.png,RIGHT_EYE_OUTER,561.2883377075195,416.356258392334,-0.024267520755529404,0.9997805953025818
frame19.png,LEFT_EAR,557.5502777099609,422.69957542419434,-0.09162107855081558,0.9998390674591064
frame19.png,RIGHT_EAR,569.3378448486328,425.89582443237305,0.008398235775530338,0.999737560749054
frame19.png,MOUTH_LEFT,547.9589080810547,432.00469493865967,-0.04132942110300064,0.999349057674408
frame19.png,MOUTH_RIGHT,551.5862274169922,434.19363498687744,-0.014047984965145588,0.9993442893028259
frame19.png,LEFT_SHOULDER,559.2728805541992,489.72179889678955,-0.13841742277145386,0.9997888207435608
frame19.png,RIGHT_SHOULDER,576.327018737793,494.55410957336426,0.08270224183797836,0.9987521171569824
frame19.png,LEFT_ELBOW,584.8102569580078,554.6282529830933,-0.15590699017047882,0.9192171096801758
frame19.png,RIGHT_ELBOW,600.1239776611328,575.6197357177734,0.11231458187103271,0.024338101968169212
frame19.png,LEFT_WRIST,595.9113311767578,619.6610069274902,-0.14477099478244781,0.6349034309387207
frame19.png,RIGHT_WRIST,594.379768371582,632.7685976028442,0.07080873847007751,0.06704499572515488
frame19.png,LEFT_PINKY,602.5701141357422,636.9200563430786,-0.1622450202703476,0.6458045244216919
frame19.png,RIGHT_PINKY,597.4103927612305,648.5460805892944,0.06781121343374252,0.12369084358215332
frame19.png,LEFT_INDEX,601.9038009643555,635.2023267745972,-0.16246183216571808,0.6405625939369202
frame19.png,RIGHT_INDEX,592.1852874755859,648.5558652877808,0.04638064280152321,0.14005352556705475
frame19.png,LEFT_THUMB,601.1811065673828,629.8979043960571,-0.14368827641010284,0.5608416795730591
frame19.png,RIGHT_THUMB,590.045051574707,642.6310586929321,0.059727706015110016,0.13576190173625946
frame19.png,LEFT_HIP,613.0478668212891,655.6247091293335,-0.07351211458444595,0.9954979419708252
frame19.png,RIGHT_HIP,629.852180480957,650.9192991256714,0.0734245777130127,0.99458909034729
frame19.png,LEFT_KNEE,654.508056640625,766.2484073638916,0.0030355581548064947,0.7971578240394592
frame19.png,RIGHT_KNEE,657.0166015625,737.4713516235352,0.16045154631137848,0.056100260466337204
frame19.png,LEFT_ANKLE,694.3791961669922,865.8576679229736,0.09658801555633545,0.5357332825660706
frame19.png,RIGHT_ANKLE,694.6569061279297,823.0381107330322,0.24954204261302948,0.0643693208694458
frame19.png,LEFT_HEEL,708.2234191894531,879.0257263183594,0.10423819720745087,0.511042058467865
frame19.png,RIGHT_HEEL,703.6587524414062,834.3982315063477,0.2571522295475006,0.13578547537326813
frame19.png,LEFT_FOOT_INDEX,676.6227722167969,896.7232418060303,0.07359571009874344,0.37199342250823975
frame19.png,RIGHT_FOOT_INDEX,691.3923645019531,848.4489727020264,0.24319592118263245,0.08239144831895828
frame20.png,NOSE,548.0924224853516,424.5554494857788,0.05223299190402031,0.9989500641822815
frame20.png,LEFT_EYE_INNER,544.4728469848633,414.8652505874634,0.036893852055072784,0.9984738230705261
frame20.png,LEFT_EYE,543.0740356445312,415.06665229797363,0.03674636781215668,0.9983737468719482
frame20.png,LEFT_EYE_OUTER,541.4670562744141,415.1993465423584,0.03676481172442436,0.9985437393188477
frame20.png,RIGHT_EYE_INNER,549.7182464599609,413.97600173950195,0.03789535164833069,0.998989999294281
frame20.png,RIGHT_EYE,550.9123611450195,413.9158773422241,0.03769613802433014,0.9992461204528809
frame20.png,RIGHT_EYE_OUTER,552.0479583740234,413.7742567062378,0.03765694797039032,0.9994173049926758
frame20.png,LEFT_EAR,538.026008605957,419.5320796966553,-0.011392798274755478,0.9993294477462769
frame20.png,RIGHT_EAR,555.6684494018555,418.64665031433105,-0.006741949822753668,0.9992389678955078
frame20.png,MOUTH_LEFT,548.4680938720703,433.0452632904053,0.04103664308786392,0.9983564019203186
frame20.png,MOUTH_RIGHT,552.2904586791992,431.86779499053955,0.04087547957897186,0.998537540435791
frame20.png,LEFT_SHOULDER,520.684814453125,477.4783515930176,-0.04211067035794258,0.999561607837677
frame20.png,RIGHT_SHOULDER,588.4372711181641,476.76140785217285,-0.004675908014178276,0.9985789060592651
frame20.png,LEFT_ELBOW,555.3868865966797,544.4189929962158,-0.09494984894990921,0.5067369937896729
frame20.png,RIGHT_ELBOW,627.6188278198242,536.2769222259521,0.03193506971001625,0.15362975001335144
frame20.png,LEFT_WRIST,576.3285064697266,535.6458950042725,-0.16606473922729492,0.16074851155281067
frame20.png,RIGHT_WRIST,594.068489074707,521.1246299743652,0.08760899305343628,0.062461867928504944
frame20.png,LEFT_PINKY,579.8895263671875,534.2614889144897,-0.18091228604316711,0.22872434556484222
frame20.png,RIGHT_PINKY,589.9788665771484,516.8162727355957,0.09054996073246002,0.08228342980146408
frame20.png,LEFT_INDEX,582.371711730957,523.5897731781006,-0.18235982954502106,0.23341712355613708
frame20.png,RIGHT_INDEX,578.2061004638672,510.2296257019043,0.08267573267221451,0.08466964215040207
frame20.png,LEFT_THUMB,583.0144119262695,524.4163227081299,-0.16819198429584503,0.1954173892736435
frame20.png,RIGHT_THUMB,577.2198486328125,511.1219644546509,0.08460403233766556,0.07457040250301361
frame20.png,LEFT_HIP,586.7977905273438,635.0395917892456,-0.013313688337802887,0.9908580183982849
frame20.png,RIGHT_HIP,620.8895874023438,629.0849590301514,0.013111479580402374,0.990602970123291
frame20.png,LEFT_KNEE,627.0181274414062,726.7483520507812,0.09120641648769379,0.12146173417568207
frame20.png,RIGHT_KNEE,647.3725891113281,710.5826568603516,0.10744340717792511,0.032888151705265045
frame20.png,LEFT_ANKLE,645.3097534179688,814.6491050720215,0.17477302253246307,0.06606537103652954
frame20.png,RIGHT_ANKLE,657.1129608154297,808.6808681488037,0.17677922546863556,0.029745297506451607
frame20.png,LEFT_HEEL,653.7678527832031,827.4052619934082,0.18264715373516083,0.2277226597070694
frame20.png,RIGHT_HEEL,658.9606475830078,826.3995838165283,0.18329578638076782,0.09527933597564697
frame20.png,LEFT_FOOT_INDEX,632.9167556762695,836.0291862487793,0.18272057175636292,0.03538142517209053
frame20.png,RIGHT_FOOT_INDEX,655.6513214111328,824.815149307251,0.1839594841003418,0.015624959021806717
frame21.png,NOSE,566.8662643432617,415.4052972793579,0.051103197038173676,0.9807323813438416
frame21.png,LEFT_EYE_INNER,561.0987091064453,406.604905128479,0.03386031091213226,0.9841018319129944
frame21.png,LEFT_EYE,558.1043243408203,406.46607398986816,0.0336562879383564,0.9851025342941284
frame21.png,LEFT_EYE_OUTER,554.9544525146484,406.5368843078613,0.03373217210173607,0.9866522550582886
frame21.png,RIGHT_EYE_INNER,568.7975311279297,406.6037893295288,0.02926540933549404,0.9867334961891174
frame21.png,RIGHT_EYE,571.1088943481445,406.42144203186035,0.029014388099312782,0.9910110235214233
frame21.png,RIGHT_EYE_OUTER,573.4627532958984,406.2392234802246,0.028923626989126205,0.9929810762405396
frame21.png,LEFT_EAR,547.3577117919922,411.19242668151855,-0.01524248905479908,0.9951083064079285
frame21.png,RIGHT_EAR,577.1897125244141,410.7334899902344,-0.03556189313530922,0.9921430349349976
frame21.png,MOUTH_LEFT,563.5346603393555,424.0130853652954,0.0414460115134716,0.9795403480529785
frame21.png,MOUTH_RIGHT,570.8617401123047,423.40506076812744,0.0339488759636879,0.9791219830513
frame21.png,LEFT_SHOULDER,523.372688293457,471.75936698913574,-0.027036432176828384,0.9993871450424194
frame21.png,RIGHT_SHOULDER,613.0123138427734,453.1392574310303,-0.041349127888679504,0.9987727999687195
frame21.png,LEFT_ELBOW,539.8964691162109,544.6504354476929,0.008430835790932178,0.058136168867349625
frame21.png,RIGHT_ELBOW,646.6256713867188,502.43027687072754,-0.023398984223604202,0.5268967747688293
frame21.png,LEFT_WRIST,563.3379364013672,557.0355892181396,0.04819266125559807,0.005177929066121578
frame21.png,RIGHT_WRIST,634.9614715576172,509.7651529312134,0.043480146676301956,0.01223105750977993
frame21.png,LEFT_PINKY,564.9399948120117,560.6904745101929,0.0543314591050148,0.009056740440428257
frame21.png,RIGHT_PINKY,630.1660919189453,509.5809602737427,0.047797661274671555,0.012631988152861595
frame21.png,LEFT_INDEX,570.215950012207,553.6137771606445,0.04609299823641777,0.009161022491753101
frame21.png,RIGHT_INDEX,620.0491333007812,507.5642395019531,0.04522741213440895,0.012453864328563213
frame21.png,LEFT_THUMB,572.6247406005859,552.1243143081665,0.04680126905441284,0.00812453217804432
frame21.png,RIGHT_THUMB,618.9688873291016,507.82881259918213,0.04329821839928627,0.009771447628736496
frame21.png,LEFT_HIP,580.8083343505859,604.9522018432617,0.002543020062148571,0.9982624650001526
frame21.png,RIGHT_HIP,628.7917327880859,591.1161661148071,-0.0027807417791336775,0.998063862323761
frame21.png,LEFT_KNEE,613.5903167724609,687.7504062652588,0.11419658362865448,0.1671108454465866
frame21.png,RIGHT_KNEE,664.0203094482422,651.6293334960938,0.11873487383127213,0.07415926456451416
frame21.png,LEFT_ANKLE,632.0074462890625,729.2025947570801,0.16085262596607208,0.19652652740478516
frame21.png,RIGHT_ANKLE,685.8387756347656,698.0457973480225,0.16635677218437195,0.13599468767642975
frame21.png,LEFT_HEEL,637.8692626953125,776.2227058410645,0.16552086174488068,0.49566447734832764
frame21.png,RIGHT_HEEL,687.2653198242188,705.8298254013062,0.17135146260261536,0.3251214921474457
frame21.png,LEFT_FOOT_INDEX,620.2376556396484,758.1840133666992,0.17493659257888794,0.11756014078855515
frame21.png,RIGHT_FOOT_INDEX,688.0353546142578,688.5333108901978,0.18015815317630768,0.0634903833270073
frame22.png,NOSE,565.184440612793,373.96928787231445,0.09001613408327103,0.9997209906578064
frame22.png,LEFT_EYE_INNER,560.3718948364258,369.0506315231323,0.07469254732131958,0.9996559619903564
frame22.png,LEFT_EYE,557.7775955200195,369.55647468566895,0.07462478429079056,0.9995511174201965
frame22.png,LEFT_EYE_OUTER,555.0946807861328,369.97901916503906,0.07466146349906921,0.9996767044067383
frame22.png,RIGHT_EYE_INNER,567.6186370849609,367.5259780883789,0.07291675359010696,0.9998413324356079
frame22.png,RIGHT_EYE,570.2778244018555,367.0252847671509,0.07272916287183762,0.9998764991760254
frame22.png,RIGHT_EYE_OUTER,572.9330444335938,366.4559268951416,0.07268454134464264,0.9999284744262695
frame22.png,LEFT_EAR,551.5528106689453,376.09389781951904,0.024593936279416084,0.9998400211334229
frame22.png,RIGHT_EAR,577.390022277832,370.77059268951416,0.01646726205945015,0.9999206066131592
frame22.png,MOUTH_LEFT,563.455810546875,381.92896842956543,0.07787656784057617,0.9996856451034546
frame22.png,MOUTH_RIGHT,570.7192230224609,380.1404285430908,0.0744195505976677,0.9997888207435608
frame22.png,LEFT_SHOULDER,538.1782150268555,425.37732124328613,0.013974407687783241,0.9999227523803711
frame22.png,RIGHT_SHOULDER,609.9660491943359,403.16644191741943,-0.011691558174788952,0.9999744892120361
frame22.png,LEFT_ELBOW,541.4597702026367,486.983585357666,0.04059147462248802,0.5284061431884766
frame22.png,RIGHT_ELBOW,649.4498443603516,449.1553831100464,0.012331224977970123,0.9200429916381836
frame22.png,LEFT_WRIST,568.6809539794922,480.6653308868408,0.07767614722251892,0.013703849166631699
frame22.png,RIGHT_WRIST,631.5729522705078,457.398476600647,0.07533231377601624,0.07787385582923889
frame22.png,LEFT_PINKY,573.4383010864258,480.45560359954834,0.08290166407823563,0.01696106791496277
frame22.png,RIGHT_PINKY,627.7436065673828,459.7288227081299,0.07862082123756409,0.057614002376794815
frame22.png,LEFT_INDEX,577.7678680419922,473.7947130203247,0.07560580968856812,0.0163580272346735
frame22.png,RIGHT_INDEX,620.9915161132812,458.6438798904419,0.07493411749601364,0.05144153907895088
frame22.png,LEFT_THUMB,578.599967956543,472.41876125335693,0.07583802193403244,0.015249746851623058
frame22.png,RIGHT_THUMB,620.4096603393555,457.43602752685547,0.07456602901220322,0.041811536997556686
frame22.png,LEFT_HIP,578.603630065918,538.1840801239014,0.008522586897015572,0.9999806880950928
frame22.png,RIGHT_HIP,620.9638214111328,527.5955772399902,-0.008632306009531021,0.9999897480010986
frame22.png,LEFT_KNEE,616.0133743286133,615.7416343688965,0.08282753825187683,0.8826260566711426
frame22.png,RIGHT_KNEE,658.1375885009766,608.6312055587769,0.03310069069266319,0.9735320210456848
frame22.png,LEFT_ANKLE,647.1446228027344,690.0625133514404,0.14037275314331055,0.9303512573242188
frame22.png,RIGHT_ANKLE,685.4129028320312,686.0602283477783,0.0675404816865921,0.974683403968811
frame22.png,LEFT_HEEL,652.3468780517578,703.469352722168,0.14512857794761658,0.9481607675552368
frame22.png,RIGHT_HEEL,684.7509002685547,701.2796831130981,0.07109050452709198,0.9749991297721863
frame22.png,LEFT_FOOT_INDEX,646.2239074707031,686.6603565216064,0.13746890425682068,0.7890578508377075
frame22.png,RIGHT_FOOT_INDEX,686.7041015625,681.8760251998901,0.06046413630247116,0.8793367743492126
frame23.png,NOSE,556.7646408081055,373.8935852050781,0.05804581195116043,0.9780811667442322
frame23.png,LEFT_EYE_INNER,549.1272735595703,370.1319694519043,0.04412875324487686,0.9792402982711792
frame23.png,LEFT_EYE,546.1878204345703,371.01529598236084,0.043971139937639236,0.9788903594017029
frame23.png,LEFT_EYE_OUTER,543.3935546875,371.9853115081787,0.04400802031159401,0.982700765132904
frame23.png,RIGHT_EYE_INNER,555.3543853759766,367.92401790618896,0.03771485760807991,0.9819501638412476
frame23.png,RIGHT_EYE,556.6545486450195,367.15497493743896,0.0375157929956913,0.9855873584747314
frame23.png,RIGHT_EYE_OUTER,557.8212356567383,366.28323554992676,0.03746456280350685,0.989730954170227
frame23.png,LEFT_EAR,539.302864074707,376.7966365814209,0.0034921399783343077,0.9906026124954224
frame23.png,RIGHT_EAR,559.0152740478516,367.5803518295288,-0.02599444054067135,0.9845282435417175
frame23.png,MOUTH_LEFT,555.317268371582,380.7142925262451,0.049730654805898666,0.9505879878997803
frame23.png,MOUTH_RIGHT,560.9973907470703,377.946081161499,0.040024176239967346,0.9532633423805237
frame23.png,LEFT_SHOULDER,526.6548919677734,425.45156478881836,-0.006141818128526211,0.9997403025627136
frame23.png,RIGHT_SHOULDER,589.8455810546875,383.08446407318115,-0.0451311357319355,0.9997500777244568
frame23.png,LEFT_ELBOW,530.4633712768555,483.0049467086792,0.017834113910794258,0.05541013553738594
frame23.png,RIGHT_ELBOW,638.9374542236328,399.9114418029785,-0.037973757833242416,0.2555076777935028
frame23.png,LEFT_WRIST,559.3267059326172,486.0875129699707,0.06559311598539352,0.010530924424529076
frame23.png,RIGHT_WRIST,657.2285461425781,414.82911586761475,0.017147628590464592,0.16518984735012054
frame23.png,LEFT_PINKY,560.0832366943359,487.45951652526855,0.07408130913972855,0.016282998025417328
frame23.png,RIGHT_PINKY,663.30810546875,415.508337020874,0.018876804038882256,0.17720235884189606
frame23.png,LEFT_INDEX,566.3864898681641,478.8714265823364,0.06718021631240845,0.0164638739079237
frame23.png,RIGHT_INDEX,654.4952392578125,420.7610893249512,0.01719423197209835,0.1719471663236618
frame23.png,LEFT_THUMB,569.0544891357422,477.5177478790283,0.0646437481045723,0.014449856244027615
frame23.png,RIGHT_THUMB,650.5281066894531,422.2729969024658,0.017129946500062943,0.1119864359498024
frame23.png,LEFT_HIP,584.3537139892578,518.7515830993652,0.009983913972973824,0.9998559951782227
frame23.png,RIGHT_HIP,624.3046951293945,500.9267807006836,-0.010190426371991634,0.999906063079834
frame23.png,LEFT_KNEE,608.3145904541016,560.5414295196533,0.13290929794311523,0.2484729290008545
frame23.png,RIGHT_KNEE,654.02587890625,550.9391641616821,0.04674893990159035,0.36959362030029297
frame23.png,LEFT_ANKLE,642.3513031005859,611.741452217102,0.15015549957752228,0.5258077383041382
frame23.png,RIGHT_ANKLE,675.9803009033203,626.1404514312744,0.04392138496041298,0.6706058979034424
frame23.png,LEFT_HEEL,650.3474426269531,620.3119468688965,0.1508694738149643,0.7162283658981323
frame23.png,RIGHT_HEEL,678.8287353515625,642.7144861221313,0.043675802648067474,0.6704055666923523
frame23.png,LEFT_FOOT_INDEX,647.7267456054688,615.4300689697266,0.16005602478981018,0.32415688037872314
frame23.png,RIGHT_FOOT_INDEX,676.673583984375,634.887285232544,0.041100092232227325,0.38774898648262024
